Workbook

Sheet Candidate Test
A1: MIS Executive – Excel & Analytical Skills Assessment
A3: Purpose | B3: Tests practical Excel ability and analytical thinking for an MIS Executive role.
A4: Suggested time | B4: 75–90 minutes
A5: Total marks | B5: 100
A6: Important | B6: Do not edit the raw data sheets. Complete answers/formulas in the spaces provided.
A7: Candidate Name
A10: SECTION A | B10: Excel Fundamentals
A11: SECTION B | B11: Data Cleaning & Lookups
A12: SECTION C | B12: Reporting & Pivot Analysis
A13: SECTION D | B13: Business Analysis
A14: SECTION E | B14: MIS Judgment / Practical Situations
A17: ID | B17: Question
A18: A1 | B18: In Transaction Data, calculate the Total Business Amount using Amount × 1 for successful transactions only. Use the Status field to exclude Failed transactions. | C18: =SUMIFS('Transaction Data'!E:E,'Transaction Data'!F:F,"Success") -> 2691750
A19: A2 | B19: Calculate the average successful transaction amount. | C19: =AVERAGEIFS('Transaction Data'!E:E,'Transaction Data'!F:F,"Success") -> 5955.1991
A20: A3 | B20: Find the number of unique agents who had at least one successful transaction.
A21: A4 | B21: Using a formula, return the month name from Transaction Date in a new column. | C21: text()
A22: A5 | B22: Apply conditional formatting to highlight transactions above ₹10,000.
A23: B1 | B23: Using Agent Master, bring Agent Name and ASM into Transaction Data using Agent ID. Use a lookup formula.
A24: B2 | B24: Using Product Mapping, convert Product Code into Product Name.
A25: B3 | B25: Identify and count transactions where Agent ID is missing from Agent Master.
A26: B4 | B26: Create a clean Month column in the format YYYY-MM and use it consistently for reporting.
A27: B5 | B27: Explain in one sentence when you would use XLOOKUP instead of VLOOKUP. | C27: because vlookup search result from his right side only and xlookup search result both side
A28: C1 | B28: Create a PivotTable showing Business Amount by Product.
A29: C2 | B29: Create a PivotTable showing Business Amount by ASM.
A30: C3 | B30: Create a month-wise Product-wise Business Amount report.
A31: C4 | B31: Add transaction count and average transaction value to the Product report.
A32: C5 | B32: Create a chart showing monthly Business Amount trend.
A33: D1 | B33: Which product has the highest Business Amount? State the amount and percentage contribution to total.
A34: D2 | B34: Which ASM has the lowest Business Amount among ASMs with at least 20 successful transactions? State the logic used.
A35: D3 | B35: Identify the product with the biggest month-on-month decline in Business Amount. Show the calculation.

Sheet Sheet1
A1: Status | B1: Success
A3: Row Labels | B3: Sum of Amount
A4: AEPS | B4: 341750
A5: APAY | B5: 494000
A6: BBPS | B6: 378500
A7: DMT | B7: 384000
A8: MATM | B8: 665250
A9: UPI | B9: 428250
A10: Grand Total | B10: 2691750

Sheet Sheet2
A1: Status | B1: Success
A3: Row Labels | B3: Sum of Amount
A4: August | B4: 1355750
A5: AEPS | B5: 197000
A6: APAY | B6: 176750
A7: BBPS | B7: 249500
A8: DMT | B8: 220750
A9: MATM | B9: 324500
A10: UPI | B10: 187250
A11: September | B11: 1336000
A12: AEPS | B12: 144750
A13: APAY | B13: 317250
A14: BBPS | B14: 129000
A15: DMT | B15: 163250
... A18: Grand Total | B18: 2691750

Sheet Transaction Data
A1: Txn ID | B1: Transaction Date | C1: Agent ID | D1: Product Code | E1: Amount | F1: Status | G1: Transaction Type | H1: Region | I1: Month | J1: Agent Name | K1: ASM | L1: Month_Name | M1: Product_Name | N1: year_Mpnth | O1: Agent Name
A2: T0001 | B2: 46275 | C2: A108 | D2: P01 | E2: 15000 | F2: Success | G2: Retailer | H2: West | I2: =TEXT(B2,"yyyy-mm") -> 2026-09 | K2: =IFERROR(_xludf.XLOOKUP(C2,'Agent Master'!$A:$A,'Agent Master'!$C:$C,"Missing"),"Missing") -> Missing | L2: =TEXT(B2,"mmmm") -> September | M2: =_xlfn.XLOOKUP('Transaction Data'!D2,ProductMap[Product Code],ProductMap[Product Name]) -> AEPS | N2: =TEXT(B2,"yyyy-mm") -> 2026-09 | O2: {=IFERROR(_xlfn.XLOOKUP(C2,AgentMaster[[#All],[Agent ID]],AgentMaster[[#All],[Agent Name]]),"")} -> Agent 108 | P2: =COUNTIFS(O:O,O2,F:F,"Success") -> 12
A3: T0002 | B3: 46243 | C3: A107 | D3: P06 | E3: 15000 | F3: Success | G3: Retailer | H3: East | I3: =TEXT(B3,"yyyy-mm") -> 2026-08 | J3: =IFERROR(_xludf.XLOOKUP(C3,'Agent Master'!$A:$A,'Agent Master'!$B:$B,"Missing"),"Missing") -> Missing | K3: =IFERROR(_xludf.XLOOKUP(C3,'Agent Master'!$A:$A,'Agent Master'!$C:$C,"Missing"),"Missing") -> Missing | L3: =TEXT(B3,"mmmm") -> August | M3: =_xlfn.XLOOKUP('Transaction Data'!D3,ProductMap[Product Code],ProductMap[Product Name]) -> MATM | N3: =TEXT(B3,"yyyy-mm") -> 2026-08 | O3: {=IFERROR(_xlfn.XLOOKUP(C3,AgentMaster[[#All],[Agent ID]],AgentMaster[[#All],[Agent Name]]),"")} -> Agent 107 | P3: =COUNTIFS(O:O,O3,F:F,"Success") -> 16
A4: T0003 | B4: 46237 | C4: A102 | D4: P01 | E4: 1000 | F4: Success | G4: Retailer | H4: North | I4: =TEXT(B4,"yyyy-mm") -> 2026-08 | J4: =IFERROR(_xludf.XLOOKUP(C4,'Agent Master'!$A:$A,'Agent Master'!$B:$B,"Missing"),"Missing") -> Missing | K4: =IFERROR(_xludf.XLOOKUP(C4,'Agent Master'!$A:$A,'Agent Master'!$C:$C,"Missing"),"Missing") -> Missing | L4: =TEXT(B4,"mmmm") -> August | M4: =_xlfn.XLOOKUP('Transaction Data'!D4,ProductMap[Product Code],ProductMap[Product Name]) -> AEPS | N4: =TEXT(B4,"yyyy-mm") -> 2026-08 | O4: {=IFERROR(_xlfn.XLOOKUP(C4,AgentMaster[[#All],[Agent ID]],AgentMaster[[#All],[Agent Name]]),"")} -> Agent 102 | P4: =COUNTIFS(O:O,O4,F:F,"Success") -> 13 | Q4: {=_xlfn.UNIQUE(C:C)} -> Agent ID
A5: T0004 | B5: 46270 | C5: A113 | D5: P06 | E5: 12500 | F5: Success | G5: Distributor | H5: West | I5: =TEXT(B5,"yyyy-mm") -> 2026-09 | J5: =IFERROR(_xludf.XLOOKUP(C5,'Agent Master'!$A:$A,'Agent Master'!$B:$B,"Missing"),"Missing") -> Missing | K5: =IFERROR(_xludf.XLOOKUP(C5,'Agent Master'!$A:$A,'Agent Master'!$C:$C,"Missing"),"Missing") -> Missing | L5: =TEXT(B5,"mmmm") -> September | M5: =_xlfn.XLOOKUP('Transaction Data'!D5,ProductMap[Product Code],ProductMap[Product Name]) -> MATM | N5: =TEXT(B5,"yyyy-mm") -> 2026-09 | O5: {=IFERROR(_xlfn.XLOOKUP(C5,AgentMaster[[#All],[Agent ID]],AgentMaster[[#All],[Agent Name]]),"")} -> Agent 113 | P5: =COUNTIFS(O:O,O5,F:F,"Success") -> 12 | Q5: A108 | R5: =IF(COUNTIFS(C:C,Q5,F:F,"Success")>0,1,0) -> 1
A6: T0005 | B6: 46263 | C6: A138 | D6: P03 | E6: 20000 | F6: Success | G6: Retailer | H6: East | I6: =TEXT(B6,"yyyy-mm") -> 2026-08 | J6: =IFERROR(_xludf.XLOOKUP(C6,'Agent Master'!$A:$A,'Agent Master'!$B:$B,"Missing"),"Missing") -> Missing | K6: =IFERROR(_xludf.XLOOKUP(C6,'Agent Master'!$A:$A,'Agent Master'!$C:$C,"Missing"),"Missing") -> Missing | L6: =TEXT(B6,"mmmm") -> August | M6: =_xlfn.XLOOKUP('Transaction Data'!D6,ProductMap[Product Code],ProductMap[Product Name]) -> APAY | N6: =TEXT(B6,"yyyy-mm") -> 2026-08 | O6: {=IFERROR(_xlfn.XLOOKUP(C6,AgentMaster[[#All],[Agent ID]],AgentMaster[[#All],[Agent Name]]),"")} -> Agent 138 | P6: =COUNTIFS(O:O,O6,F:F,"Success") -> 4 | Q6: A107 | R6: =IF(COUNTIFS(C:C,Q6,F:F,"Success")>0,1,0) -> 1
A7: T0006 | B7: 46256 | C7: A118 | D7: P02 | E7: 1000 | F7: Success | G7: Retailer | H7: North | I7: =TEXT(B7,"yyyy-mm") -> 2026-08 | J7: =IFERROR(_xludf.XLOOKUP(C7,'Agent Master'!$A:$A,'Agent Master'!$B:$B,"Missing"),"Missing") -> Missing | K7: =IFERROR(_xludf.XLOOKUP(C7,'Agent Master'!$A:$A,'Agent Master'!$C:$C,"Missing"),"Missing") -> Missing | L7: =TEXT(B7,"mmmm") -> August | M7: =_xlfn.XLOOKUP('Transaction Data'!D7,ProductMap[Product Code],ProductMap[Product Name]) -> UPI | N7: =TEXT(B7,"yyyy-mm") -> 2026-08 | O7: {=IFERROR(_xlfn.XLOOKUP(C7,AgentMaster[[#All],[Agent ID]],AgentMaster[[#All],[Agent Name]]),"")} -> Agent 118 | P7: =COUNTIFS(O:O,O7,F:F,"Success") -> 11 | Q7: A102 | R7: =IF(COUNTIFS(C:C,Q7,F:F,"Success")>0,1,0) -> 1
A8: T0007 | B8: 46259 | C8: A107 | D8: P03 | E8: 2000 | F8: Failed | G8: Distributor | H8: North | I8: =TEXT(B8,"yyyy-mm") -> 2026-08 | J8: =IFERROR(_xludf.XLOOKUP(C8,'Agent Master'!$A:$A,'Agent Master'!$B:$B,"Missing"),"Missing") -> Missing | K8: =IFERROR(_xludf.XLOOKUP(C8,'Agent Master'!$A:$A,'Agent Master'!$C:$C,"Missing"),"Missing") -> Missing | L8: =TEXT(B8,"mmmm") -> August | M8: =_xlfn.XLOOKUP('Transaction Data'!D8,ProductMap[Product Code],ProductMap[Product Name]) -> APAY | N8: =TEXT(B8,"yyyy-mm") -> 2026-08 | O8: {=IFERROR(_xlfn.XLOOKUP(C8,AgentMaster[[#All],[Agent ID]],AgentMaster[[#All],[Agent Name]]),"")} -> Agent 107 | P8: =COUNTIFS(O:O,O8,F:F,"Success") -> 16 | Q8: A113 | R8: =IF(COUNTIFS(C:C,Q8,F:F,"Success")>0,1,0) -> 1
A9: T0008 | B9: 46281 | C9: A130 | D9: P05 | E9: 500 | F9: Success | G9: Retailer | H9: South | I9: =TEXT(B9,"yyyy-mm") -> 2026-09 | J9: =IFERROR(_xludf.XLOOKUP(C9,'Agent Master'!$A:$A,'Agent Master'!$B:$B,"Missing"),"Missing") -> Missing | K9: =IFERROR(_xludf.XLOOKUP(C9,'Agent Master'!$A:$A,'Agent Master'!$C:$C,"Missing"),"Missing") -> Missing | L9: =TEXT(B9,"mmmm") -> September | M9: =_xlfn.XLOOKUP('Transaction Data'!D9,ProductMap[Product Code],ProductMap[Product Name]) -> BBPS | N9: =TEXT(B9,"yyyy-mm") -> 2026-09 | O9: {=IFERROR(_xlfn.XLOOKUP(C9,AgentMaster[[#All],[Agent ID]],AgentMaster[[#All],[Agent Name]]),"")} -> Agent 130 | P9: =COUNTIFS(O:O,O9,F:F,"Success") -> 16 | Q9: A138 | R9: =IF(COUNTIFS(C:C,Q9,F:F,"Success")>0,1,0) -> 1
A10: T0009 | B10: 46288 | C10: A999 | D10: P05 | E10: 2000 | F10: Failed | G10: Retailer | H10: North | I10: =TEXT(B10,"yyyy-mm") -> 2026-09 | J10: =IFERROR(_xludf.XLOOKUP(C10,'Agent Master'!$A:$A,'Agent Master'!$B:$B,"Missing"),"Missing") -> Missing | K10: =IFERROR(_xludf.XLOOKUP(C10,'Agent Master'!$A:$A,'Agent Master'!$C:$C,"Missing"),"Missing") -> Missing | L10: =TEXT(B10,"mmmm") -> September | M10: =_xlfn.XLOOKUP('Transaction Data'!D10,ProductMap[Product Code],ProductMap[Product Name]) -> BBPS | N10: =TEXT(B10,"yyyy-mm") -> 2026-09 | O10: {=IFERROR(_xlfn.XLOOKUP(C10,AgentMaster[[#All],[Agent ID]],AgentMaster[[#All],[Agent Name]]),"")} | P10: =COUNTIFS(O:O,O10,F:F,"Success") -> 25 | Q10: A118 | R10: =IF(COUNTIFS(C:C,Q10,F:F,"Success")>0,1,0) -> 1
A11: T0010 | B11: 46237 | C11: A115 | D11: P03 | E11: 500 | F11: Success | G11: Retailer | H11: East | I11: =TEXT(B11,"yyyy-mm") -> 2026-08 | J11: =IFERROR(_xludf.XLOOKUP(C11,'Agent Master'!$A:$A,'Agent Master'!$B:$B,"Missing"),"Missing") -> Missing | K11: =IFERROR(_xludf.XLOOKUP(C11,'Agent Master'!$A:$A,'Agent Master'!$C:$C,"Missing"),"Missing") -> Missing | L11: =TEXT(B11,"mmmm") -> August | M11: =_xlfn.XLOOKUP('Transaction Data'!D11,ProductMap[Product Code],ProductMap[Product Name]) -> APAY | N11: =TEXT(B11,"yyyy-mm") -> 2026-08 | O11: {=IFERROR(_xlfn.XLOOKUP(C11,AgentMaster[[#All],[Agent ID]],AgentMaster[[#All],[Agent Name]]),"")} -> Agent 115 | P11: =COUNTIFS(O:O,O11,F:F,"Success") -> 11 | Q11: A130 | R11: =IF(COUNTIFS(C:C,Q11,F:F,"Success")>0,1,0) -> 1
A12: T0011 | B12: 46252 | C12: A130 | D12: P06 | E12: 2000 | F12: Success | G12: Distributor | H12: South | I12: =TEXT(B12,"yyyy-mm") -> 2026-08 | J12: =IFERROR(_xludf.XLOOKUP(C12,'Agent Master'!$A:$A,'Agent Master'!$B:$B,"Missing"),"Missing") -> Missing | K12: =IFERROR(_xludf.XLOOKUP(C12,'Agent Master'!$A:$A,'Agent Master'!$C:$C,"Missing"),"Missing") -> Missing | L12: =TEXT(B12,"mmmm") -> August | M12: =_xlfn.XLOOKUP('Transaction Data'!D12,ProductMap[Product Code],ProductMap[Product Name]) -> MATM | N12: =TEXT(B12,"yyyy-mm") -> 2026-08 | O12: {=IFERROR(_xlfn.XLOOKUP(C12,AgentMaster[[#All],[Agent ID]],AgentMaster[[#All],[Agent Name]]),"")} -> Agent 130 | P12: =COUNTIFS(O:O,O12,F:F,"Success") -> 16 | Q12: A999 | R12: =IF(COUNTIFS(C:C,Q12,F:F,"Success")>0,1,0) -> 1
A13: T0012 | B13: 46248 | C13: A118 | D13: P06 | E13: 12500 | F13: Success | G13: Retailer | H13: West | I13: =TEXT(B13,"yyyy-mm") -> 2026-08 | J13: =IFERROR(_xludf.XLOOKUP(C13,'Agent Master'!$A:$A,'Agent Master'!$B:$B,"Missing"),"Missing") -> Missing | K13: =IFERROR(_xludf.XLOOKUP(C13,'Agent Master'!$A:$A,'Agent Master'!$C:$C,"Missing"),"Missing") -> Missing | L13: =TEXT(B13,"mmmm") -> August | M13: =_xlfn.XLOOKUP('Transaction Data'!D13,ProductMap[Product Code],ProductMap[Product Name]) -> MATM | N13: =TEXT(B13,"yyyy-mm") -> 2026-08 | O13: {=IFERROR(_xlfn.XLOOKUP(C13,AgentMaster[[#All],[Agent ID]],AgentMaster[[#All],[Agent Name]]),"")} -> Agent 118 | P13: =COUNTIFS(O:O,O13,F:F,"Success") -> 11 | Q13: A115 | R13: =IF(COUNTIFS(C:C,Q13,F:F,"Success")>0,1,0) -> 1
A14: T0013 | B14: 46269 | C14: A116 | D14: P02 | E14: 5000 | F14: Success | G14: Distributor | H14: West | I14: =TEXT(B14,"yyyy-mm") -> 2026-09 | J14: =IFERROR(_xludf.XLOOKUP(C14,'Agent Master'!$A:$A,'Agent Master'!$B:$B,"Missing"),"Missing") -> Missing | K14: =IFERROR(_xludf.XLOOKUP(C14,'Agent Master'!$A:$A,'Agent Master'!$C:$C,"Missing"),"Missing") -> Missing | L14: =TEXT(B14,"mmmm") -> September | M14: =_xlfn.XLOOKUP('Transaction Data'!D14,ProductMap[Product Code],ProductMap[Product Name]) -> UPI | N14: =TEXT(B14,"yyyy-mm") -> 2026-09 | O14: {=IFERROR(_xlfn.XLOOKUP(C14,AgentMaster[[#All],[Agent ID]],AgentMaster[[#All],[Agent Name]]),"")} -> Agent 116 | P14: =COUNTIFS(O:O,O14,F:F,"Success") -> 15 | Q14: A116 | R14: =IF(COUNTIFS(C:C,Q14,F:F,"Success")>0,1,0) -> 1
A15: T0014 | B15: 46278 | C15: A121 | D15: P01 | E15: 1000 | F15: Success | G15: Distributor | H15: East | I15: =TEXT(B15,"yyyy-mm") -> 2026-09 | J15: =IFERROR(_xludf.XLOOKUP(C15,'Agent Master'!$A:$A,'Agent Master'!$B:$B,"Missing"),"Missing") -> Missing | K15: =IFERROR(_xludf.XLOOKUP(C15,'Agent Master'!$A:$A,'Agent Master'!$C:$C,"Missing"),"Missing") -> Missing | L15: =TEXT(B15,"mmmm") -> September | M15: =_xlfn.XLOOKUP('Transaction Data'!D15,ProductMap[Product Code],ProductMap[Product Name]) -> AEPS | N15: =TEXT(B15,"yyyy-mm") -> 2026-09 | O15: {=IFERROR(_xlfn.XLOOKUP(C15,AgentMaster[[#All],[Agent ID]],AgentMaster[[#All],[Agent Name]]),"")} -> Agent 121 | P15: =COUNTIFS(O:O,O15,F:F,"Success") -> 7 | Q15: A121 | R15: =IF(COUNTIFS(C:C,Q15,F:F,"Success")>0,1,0) -> 1
A16: T0015 | B16: 46252 | C16: A105 | D16: P02 | E16: 10000 | F16: Success | G16: Retailer | H16: East | I16: =TEXT(B16,"yyyy-mm") -> 2026-08 | J16: =IFERROR(_xludf.XLOOKUP(C16,'Agent Master'!$A:$A,'Agent Master'!$B:$B,"Missing"),"Missing") -> Missing | K16: =IFERROR(_xludf.XLOOKUP(C16,'Agent Master'!$A:$A,'Agent Master'!$C:$C,"Missing"),"Missing") -> Missing | L16: =TEXT(B16,"mmmm") -> August | M16: =_xlfn.XLOOKUP('Transaction Data'!D16,ProductMap[Product Code],ProductMap[Product Name]) -> UPI | N16: =TEXT(B16,"yyyy-mm") -> 2026-08 | O16: {=IFERROR(_xlfn.XLOOKUP(C16,AgentMaster[[#All],[Agent ID]],AgentMaster[[#All],[Agent Name]]),"")} -> Agent 105 | P16: =COUNTIFS(O:O,O16,F:F,"Success") -> 8 | Q16: A105 | R16: =IF(COUNTIFS(C:C,Q16,F:F,"Success")>0,1,0) -> 1
A17: T0016 | B17: 46260 | D17: P04 | E17: 750 | F17: Success | G17: Retailer | H17: West | I17: =TEXT(B17,"yyyy-mm") -> 2026-08 | J17: =IFERROR(_xludf.XLOOKUP(C17,'Agent Master'!$A:$A,'Agent Master'!$B:$B,"Missing"),"Missing") -> Missing | K17: =IFERROR(_xludf.XLOOKUP(C17,'Agent Master'!$A:$A,'Agent Master'!$C:$C,"Missing"),"Missing") -> Missing | L17: =TEXT(B17,"mmmm") -> August | M17: =_xlfn.XLOOKUP('Transaction Data'!D17,ProductMap[Product Code],ProductMap[Product Name]) -> DMT | N17: =TEXT(B17,"yyyy-mm") -> 2026-08 | O17: {=IFERROR(_xlfn.XLOOKUP(C17,AgentMaster[[#All],[Agent ID]],AgentMaster[[#All],[Agent Name]]),"")} | P17: =COUNTIFS(O:O,O17,F:F,"Success") -> 25 | Q17: 0 | R17: =IF(COUNTIFS(C:C,Q17,F:F,"Success")>0,1,0) -> 0
A18: T0017 | B18: 46282 | C18: A136 | D18: P05 | E18: 1500 | F18: Failed | G18: Distributor | H18: East | I18: =TEXT(B18,"yyyy-mm") -> 2026-09 | J18: =IFERROR(_xludf.XLOOKUP(C18,'Agent Master'!$A:$A,'Agent Master'!$B:$B,"Missing"),"Missing") -> Missing | K18: =IFERROR(_xludf.XLOOKUP(C18,'Agent Master'!$A:$A,'Agent Master'!$C:$C,"Missing"),"Missing") -> Missing | L18: =TEXT(B18,"mmmm") -> September | M18: =_xlfn.XLOOKUP('Transaction Data'!D18,ProductMap[Product Code],ProductMap[Product Name]) -> BBPS | N18: =TEXT(B18,"yyyy-mm") -> 2026-09 | O18: {=IFERROR(_xlfn.XLOOKUP(C18,AgentMaster[[#All],[Agent ID]],AgentMaster[[#All],[Agent Name]]),"")} -> Agent 136 | P18: =COUNTIFS(O:O,O18,F:F,"Success") -> 16 | Q18: A136 | R18: =IF(COUNTIFS(C:C,Q18,F:F,"Success")>0,1,0) -> 1
A19: T0018 | B19: 46258 | C19: A115 | D19: P02 | E19: 7500 | F19: Success | G19: Retailer | H19: North | I19: =TEXT(B19,"yyyy-mm") -> 2026-08 | J19: =IFERROR(_xludf.XLOOKUP(C19,'Agent Master'!$A:$A,'Agent Master'!$B:$B,"Missing"),"Missing") -> Missing | K19: =IFERROR(_xludf.XLOOKUP(C19,'Agent Master'!$A:$A,'Agent Master'!$C:$C,"Missing"),"Missing") -> Missing | L19: =TEXT(B19,"mmmm") -> August | M19: =_xlfn.XLOOKUP('Transaction Data'!D19,ProductMap[Product Code],ProductMap[Product Name]) -> UPI | N19: =TEXT(B19,"yyyy-mm") -> 2026-08 | O19: {=IFERROR(_xlfn.XLOOKUP(C19,AgentMaster[[#All],[Agent ID]],AgentMaster[[#All],[Agent Name]]),"")} -> Agent 115 | P19: =COUNTIFS(O:O,O19,F:F,"Success") -> 11 | Q19: A101 | R19: =IF(COUNTIFS(C:C,Q19,F:F,"Success")>0,1,0) -> 1
A20: T0019 | B20: 46290 | C20: A108 | D20: P02 | E20: 12500 | F20: Success | G20: Retailer | H20: East | I20: =TEXT(B20,"yyyy-mm") -> 2026-09 | J20: =IFERROR(_xludf.XLOOKUP(C20,'Agent Master'!$A:$A,'Agent Master'!$B:$B,"Missing"),"Missing") -> Missing | K20: =IFERROR(_xludf.XLOOKUP(C20,'Agent Master'!$A:$A,'Agent Master'!$C:$C,"Missing"),"Missing") -> Missing | L20: =TEXT(B20,"mmmm") -> September | M20: =_xlfn.XLOOKUP('Transaction Data'!D20,ProductMap[Product Code],ProductMap[Product Name]) -> UPI | N20: =TEXT(B20,"yyyy-mm") -> 2026-09 | O20: {=IFERROR(_xlfn.XLOOKUP(C20,AgentMaster[[#All],[Agent ID]],AgentMaster[[#All],[Agent Name]]),"")} -> Agent 108 | P20: =COUNTIFS(O:O,O20,F:F,"Success") -> 12 | Q20: A124 | R20: =IF(COUNTIFS(C:C,Q20,F:F,"Success")>0,1,0) -> 1
A21: T0020 | B21: 46273 | C21: A105 | D21: P04 | E21: 2500 | F21: Failed | G21: Distributor | H21: South | I21: =TEXT(B21,"yyyy-mm") -> 2026-09 | J21: =IFERROR(_xludf.XLOOKUP(C21,'Agent Master'!$A:$A,'Agent Master'!$B:$B,"Missing"),"Missing") -> Missing | K21: =IFERROR(_xludf.XLOOKUP(C21,'Agent Master'!$A:$A,'Agent Master'!$C:$C,"Missing"),"Missing") -> Missing | L21: =TEXT(B21,"mmmm") -> September | M21: =_xlfn.XLOOKUP('Transaction Data'!D21,ProductMap[Product Code],ProductMap[Product Name]) -> DMT | N21: =TEXT(B21,"yyyy-mm") -> 2026-09 | O21: {=IFERROR(_xlfn.XLOOKUP(C21,AgentMaster[[#All],[Agent ID]],AgentMaster[[#All],[Agent Name]]),"")} -> Agent 105 | P21: =COUNTIFS(O:O,O21,F:F,"Success") -> 8 | Q21: A137 | R21: =IF(COUNTIFS(C:C,Q21,F:F,"Success")>0,1,0) -> 1
A22: T0021 | B22: 46270 | C22: A101 | D22: P06 | E22: 15000 | F22: Success | G22: Retailer | H22: South | I22: =TEXT(B22,"yyyy-mm") -> 2026-09 | J22: =IFERROR(_xludf.XLOOKUP(C22,'Agent Master'!$A:$A,'Agent Master'!$B:$B,"Missing"),"Missing") -> Missing | K22: =IFERROR(_xludf.XLOOKUP(C22,'Agent Master'!$A:$A,'Agent Master'!$C:$C,"Missing"),"Missing") -> Missing | L22: =TEXT(B22,"mmmm") -> September | M22: =_xlfn.XLOOKUP('Transaction Data'!D22,ProductMap[Product Code],ProductMap[Product Name]) -> MATM | N22: =TEXT(B22,"yyyy-mm") -> 2026-09 | O22: {=IFERROR(_xlfn.XLOOKUP(C22,AgentMaster[[#All],[Agent ID]],AgentMaster[[#All],[Agent Name]]),"")} -> Agent 101 | P22: =COUNTIFS(O:O,O22,F:F,"Success") -> 6 | Q22: A131 | R22: =IF(COUNTIFS(C:C,Q22,F:F,"Success")>0,1,0) -> 1
A23: T0022 | B23: 46284 | D23: P03 | E23: 500 | F23: Success | G23: Distributor | H23: West | I23: =TEXT(B23,"yyyy-mm") -> 2026-09 | J23: =IFERROR(_xludf.XLOOKUP(C23,'Agent Master'!$A:$A,'Agent Master'!$B:$B,"Missing"),"Missing") -> Missing | K23: =IFERROR(_xludf.XLOOKUP(C23,'Agent Master'!$A:$A,'Agent Master'!$C:$C,"Missing"),"Missing") -> Missing | L23: =TEXT(B23,"mmmm") -> September | M23: =_xlfn.XLOOKUP('Transaction Data'!D23,ProductMap[Product Code],ProductMap[Product Name]) -> APAY | N23: =TEXT(B23,"yyyy-mm") -> 2026-09 | O23: {=IFERROR(_xlfn.XLOOKUP(C23,AgentMaster[[#All],[Agent ID]],AgentMaster[[#All],[Agent Name]]),"")} | P23: =COUNTIFS(O:O,O23,F:F,"Success") -> 25 | Q23: A135 | R23: =IF(COUNTIFS(C:C,Q23,F:F,"Success")>0,1,0) -> 1
A24: T0023 | B24: 46264 | C24: A101 | D24: P06 | E24: 15000 | F24: Success | G24: Retailer | H24: West | I24: =TEXT(B24,"yyyy-mm") -> 2026-08 | J24: =IFERROR(_xludf.XLOOKUP(C24,'Agent Master'!$A:$A,'Agent Master'!$B:$B,"Missing"),"Missing") -> Missing | K24: =IFERROR(_xludf.XLOOKUP(C24,'Agent Master'!$A:$A,'Agent Master'!$C:$C,"Missing"),"Missing") -> Missing | L24: =TEXT(B24,"mmmm") -> August | M24: =_xlfn.XLOOKUP('Transaction Data'!D24,ProductMap[Product Code],ProductMap[Product Name]) -> MATM | N24: =TEXT(B24,"yyyy-mm") -> 2026-08 | O24: {=IFERROR(_xlfn.XLOOKUP(C24,AgentMaster[[#All],[Agent ID]],AgentMaster[[#All],[Agent Name]]),"")} -> Agent 101 | P24: =COUNTIFS(O:O,O24,F:F,"Success") -> 6 | Q24: A103 | R24: =IF(COUNTIFS(C:C,Q24,F:F,"Success")>0,1,0) -> 1
A25: T0024 | B25: 46267 | C25: A107 | D25: P06 | E25: 1500 | F25: Success | G25: Retailer | H25: West | I25: =TEXT(B25,"yyyy-mm") -> 2026-09 | J25: =IFERROR(_xludf.XLOOKUP(C25,'Agent Master'!$A:$A,'Agent Master'!$B:$B,"Missing"),"Missing") -> Missing | K25: =IFERROR(_xludf.XLOOKUP(C25,'Agent Master'!$A:$A,'Agent Master'!$C:$C,"Missing"),"Missing") -> Missing | L25: =TEXT(B25,"mmmm") -> September | M25: =_xlfn.XLOOKUP('Transaction Data'!D25,ProductMap[Product Code],ProductMap[Product Name]) -> MATM | N25: =TEXT(B25,"yyyy-mm") -> 2026-09 | O25: {=IFERROR(_xlfn.XLOOKUP(C25,AgentMaster[[#All],[Agent ID]],AgentMaster[[#All],[Agent Name]]),"")} -> Agent 107 | P25: =COUNTIFS(O:O,O25,F:F,"Success") -> 16 | Q25: A132 | R25: =IF(COUNTIFS(C:C,Q25,F:F,"Success")>0,1,0) -> 1
A26: T0025 | B26: 46244 | C26: A124 | D26: P02 | E26: 7500 | F26: Success | G26: Retailer | H26: South | I26: =TEXT(B26,"yyyy-mm") -> 2026-08 | J26: =IFERROR(_xludf.XLOOKUP(C26,'Agent Master'!$A:$A,'Agent Master'!$B:$B,"Missing"),"Missing") -> Missing | K26: =IFERROR(_xludf.XLOOKUP(C26,'Agent Master'!$A:$A,'Agent Master'!$C:$C,"Missing"),"Missing") -> Missing | L26: =TEXT(B26,"mmmm") -> August | M26: =_xlfn.XLOOKUP('Transaction Data'!D26,ProductMap[Product Code],ProductMap[Product Name]) -> UPI | N26: =TEXT(B26,"yyyy-mm") -> 2026-08 | O26: {=IFERROR(_xlfn.XLOOKUP(C26,AgentMaster[[#All],[Agent ID]],AgentMaster[[#All],[Agent Name]]),"")} -> Agent 124 | P26: =COUNTIFS(O:O,O26,F:F,"Success") -> 11 | Q26: A128 | R26: =IF(COUNTIFS(C:C,Q26,F:F,"Success")>0,1,0) -> 1
A27: T0026 | B27: 46266 | C27: A102 | D27: P01 | E27: 2000 | F27: Success | G27: Retailer | H27: North | I27: =TEXT(B27,"yyyy-mm") -> 2026-09 | J27: =IFERROR(_xludf.XLOOKUP(C27,'Agent Master'!$A:$A,'Agent Master'!$B:$B,"Missing"),"Missing") -> Missing | K27: =IFERROR(_xludf.XLOOKUP(C27,'Agent Master'!$A:$A,'Agent Master'!$C:$C,"Missing"),"Missing") -> Missing | L27: =TEXT(B27,"mmmm") -> September | M27: =_xlfn.XLOOKUP('Transaction Data'!D27,ProductMap[Product Code],ProductMap[Product Name]) -> AEPS | N27: =TEXT(B27,"yyyy-mm") -> 2026-09 | O27: {=IFERROR(_xlfn.XLOOKUP(C27,AgentMaster[[#All],[Agent ID]],AgentMaster[[#All],[Agent Name]]),"")} -> Agent 102 | P27: =COUNTIFS(O:O,O27,F:F,"Success") -> 13 | Q27: A126 | R27: =IF(COUNTIFS(C:C,Q27,F:F,"Success")>0,1,0) -> 1
A28: T0027 | B28: 46250 | C28: A137 | D28: P01 | E28: 500 | F28: Success | G28: Retailer | H28: West | I28: =TEXT(B28,"yyyy-mm") -> 2026-08 | J28: =IFERROR(_xludf.XLOOKUP(C28,'Agent Master'!$A:$A,'Agent Master'!$B:$B,"Missing"),"Missing") -> Missing | K28: =IFERROR(_xludf.XLOOKUP(C28,'Agent Master'!$A:$A,'Agent Master'!$C:$C,"Missing"),"Missing") -> Missing | L28: =TEXT(B28,"mmmm") -> August | M28: =_xlfn.XLOOKUP('Transaction Data'!D28,ProductMap[Product Code],ProductMap[Product Name]) -> AEPS | N28: =TEXT(B28,"yyyy-mm") -> 2026-08 | O28: {=IFERROR(_xlfn.XLOOKUP(C28,AgentMaster[[#All],[Agent ID]],AgentMaster[[#All],[Agent Name]]),"")} -> Agent 137 | P28: =COUNTIFS(O:O,O28,F:F,"Success") -> 11 | Q28: A125 | R28: =IF(COUNTIFS(C:C,Q28,F:F,"Success")>0,1,0) -> 1
A29: T0028 | B29: 46243 | C29: A131 | D29: P05 | E29: 750 | F29: Success | G29: Retailer | H29: East | I29: =TEXT(B29,"yyyy-mm") -> 2026-08 | J29: =IFERROR(_xludf.XLOOKUP(C29,'Agent Master'!$A:$A,'Agent Master'!$B:$B,"Missing"),"Missing") -> Missing | K29: =IFERROR(_xludf.XLOOKUP(C29,'Agent Master'!$A:$A,'Agent Master'!$C:$C,"Missing"),"Missing") -> Missing | L29: =TEXT(B29,"mmmm") -> August | M29: =_xlfn.XLOOKUP('Transaction Data'!D29,ProductMap[Product Code],ProductMap[Product Name]) -> BBPS | N29: =TEXT(B29,"yyyy-mm") -> 2026-08 | O29: {=IFERROR(_xlfn.XLOOKUP(C29,AgentMaster[[#All],[Agent ID]],AgentMaster[[#All],[Agent Name]]),"")} -> Agent 131 | P29: =COUNTIFS(O:O,O29,F:F,"Success") -> 11 | Q29: A114 | R29: =IF(COUNTIFS(C:C,Q29,F:F,"Success")>0,1,0) -> 1
A30: T0029 | B30: 46248 | C30: A135 | D30: P06 | E30: 15000 | F30: Success | G30: Retailer | H30: South | I30: =TEXT(B30,"yyyy-mm") -> 2026-08 | J30: =IFERROR(_xludf.XLOOKUP(C30,'Agent Master'!$A:$A,'Agent Master'!$B:$B,"Missing"),"Missing") -> Missing | K30: =IFERROR(_xludf.XLOOKUP(C30,'Agent Master'!$A:$A,'Agent Master'!$C:$C,"Missing"),"Missing") -> Missing | L30: =TEXT(B30,"mmmm") -> August | M30: =_xlfn.XLOOKUP('Transaction Data'!D30,ProductMap[Product Code],ProductMap[Product Name]) -> MATM | N30: =TEXT(B30,"yyyy-mm") -> 2026-08 | O30: {=IFERROR(_xlfn.XLOOKUP(C30,AgentMaster[[#All],[Agent ID]],AgentMaster[[#All],[Agent Name]]),"")} -> Agent 135 | P30: =COUNTIFS(O:O,O30,F:F,"Success") -> 19 | Q30: A104 | R30: =IF(COUNTIFS(C:C,Q30,F:F,"Success")>0,1,0) -> 1
A31: T0030 | B31: 46260 | D31: P03 | E31: 5000 | F31: Success | G31: Distributor | H31: North | I31: =TEXT(B31,"yyyy-mm") -> 2026-08 | J31: =IFERROR(_xludf.XLOOKUP(C31,'Agent Master'!$A:$A,'Agent Master'!$B:$B,"Missing"),"Missing") -> Missing | K31: =IFERROR(_xludf.XLOOKUP(C31,'Agent Master'!$A:$A,'Agent Master'!$C:$C,"Missing"),"Missing") -> Missing | L31: =TEXT(B31,"mmmm") -> August | M31: =_xlfn.XLOOKUP('Transaction Data'!D31,ProductMap[Product Code],ProductMap[Product Name]) -> APAY | N31: =TEXT(B31,"yyyy-mm") -> 2026-08 | O31: {=IFERROR(_xlfn.XLOOKUP(C31,AgentMaster[[#All],[Agent ID]],AgentMaster[[#All],[Agent Name]]),"")} | P31: =COUNTIFS(O:O,O31,F:F,"Success") -> 25 | Q31: A133 | R31: =IF(COUNTIFS(C:C,Q31,F:F,"Success")>0,1,0) -> 1
A32: T0031 | B32: 46250 | C32: A115 | D32: P01 | E32: 2000 | F32: Success | G32: Retailer | H32: West | I32: =TEXT(B32,"yyyy-mm") -> 2026-08 | J32: =IFERROR(_xludf.XLOOKUP(C32,'Agent Master'!$A:$A,'Agent Master'!$B:$B,"Missing"),"Missing") -> Missing | K32: =IFERROR(_xludf.XLOOKUP(C32,'Agent Master'!$A:$A,'Agent Master'!$C:$C,"Missing"),"Missing") -> Missing | L32: =TEXT(B32,"mmmm") -> August | M32: =_xlfn.XLOOKUP('Transaction Data'!D32,ProductMap[Product Code],ProductMap[Product Name]) -> AEPS | N32: =TEXT(B32,"yyyy-mm") -> 2026-08 | O32: {=IFERROR(_xlfn.XLOOKUP(C32,AgentMaster[[#All],[Agent ID]],AgentMaster[[#All],[Agent Name]]),"")} -> Agent 115 | P32: =COUNTIFS(O:O,O32,F:F,"Success") -> 11 | Q32: A106 | R32: =IF(COUNTIFS(C:C,Q32,F:F,"Success")>0,1,0) -> 1
A33: T0032 | B33: 46272 | C33: A115 | D33: P01 | E33: 500 | F33: Success | G33: Retailer | H33: North | I33: =TEXT(B33,"yyyy-mm") -> 2026-09 | J33: =IFERROR(_xludf.XLOOKUP(C33,'Agent Master'!$A:$A,'Agent Master'!$B:$B,"Missing"),"Missing") -> Missing | K33: =IFERROR(_xludf.XLOOKUP(C33,'Agent Master'!$A:$A,'Agent Master'!$C:$C,"Missing"),"Missing") -> Missing | L33: =TEXT(B33,"mmmm") -> September | M33: =_xlfn.XLOOKUP('Transaction Data'!D33,ProductMap[Product Code],ProductMap[Product Name]) -> AEPS | N33: =TEXT(B33,"yyyy-mm") -> 2026-09 | O33: {=IFERROR(_xlfn.XLOOKUP(C33,AgentMaster[[#All],[Agent ID]],AgentMaster[[#All],[Agent Name]]),"")} -> Agent 115 | P33: =COUNTIFS(O:O,O33,F:F,"Success") -> 11 | Q33: A117 | R33: =IF(COUNTIFS(C:C,Q33,F:F,"Success")>0,1,0) -> 1
A34: T0033 | B34: 46292 | C34: A103 | D34: P03 | E34: 500 | F34: Success | G34: Retailer | H34: South | I34: =TEXT(B34,"yyyy-mm") -> 2026-09 | J34: =IFERROR(_xludf.XLOOKUP(C34,'Agent Master'!$A:$A,'Agent Master'!$B:$B,"Missing"),"Missing") -> Missing | K34: =IFERROR(_xludf.XLOOKUP(C34,'Agent Master'!$A:$A,'Agent Master'!$C:$C,"Missing"),"Missing") -> Missing | L34: =TEXT(B34,"mmmm") -> September | M34: =_xlfn.XLOOKUP('Transaction Data'!D34,ProductMap[Product Code],ProductMap[Product Name]) -> APAY | N34: =TEXT(B34,"yyyy-mm") -> 2026-09 | O34: {=IFERROR(_xlfn.XLOOKUP(C34,AgentMaster[[#All],[Agent ID]],AgentMaster[[#All],[Agent Name]]),"")} -> Agent 103 | P34: =COUNTIFS(O:O,O34,F:F,"Success") -> 11 | Q34: A109 | R34: =IF(COUNTIFS(C:C,Q34,F:F,"Success")>0,1,0) -> 1
A35: T0034 | B35: 46277 | C35: A132 | D35: P02 | E35: 7500 | F35: Success | G35: Retailer | H35: East | I35: =TEXT(B35,"yyyy-mm") -> 2026-09 | J35: =IFERROR(_xludf.XLOOKUP(C35,'Agent Master'!$A:$A,'Agent Master'!$B:$B,"Missing"),"Missing") -> Missing | K35: =IFERROR(_xludf.XLOOKUP(C35,'Agent Master'!$A:$A,'Agent Master'!$C:$C,"Missing"),"Missing") -> Missing | L35: =TEXT(B35,"mmmm") -> September | M35: =_xlfn.XLOOKUP('Transaction Data'!D35,ProductMap[Product Code],ProductMap[Product Name]) -> UPI | N35: =TEXT(B35,"yyyy-mm") -> 2026-09 | O35: {=IFERROR(_xlfn.XLOOKUP(C35,AgentMaster[[#All],[Agent ID]],AgentMaster[[#All],[Agent Name]]),"")} -> Agent 132 | P35: =COUNTIFS(O:O,O35,F:F,"Success") -> 8 | Q35: A129 | R35: =IF(COUNTIFS(C:C,Q35,F:F,"Success")>0,1,0) -> 1
A36: T0035 | B36: 46250 | C36: A131 | D36: P04 | E36: 1000 | F36: Success | G36: Retailer | H36: East | I36: =TEXT(B36,"yyyy-mm") -> 2026-08 | J36: =IFERROR(_xludf.XLOOKUP(C36,'Agent Master'!$A:$A,'Agent Master'!$B:$B,"Missing"),"Missing") -> Missing | K36: =IFERROR(_xludf.XLOOKUP(C36,'Agent Master'!$A:$A,'Agent Master'!$C:$C,"Missing"),"Missing") -> Missing | L36: =TEXT(B36,"mmmm") -> August | M36: =_xlfn.XLOOKUP('Transaction Data'!D36,ProductMap[Product Code],ProductMap[Product Name]) -> DMT | N36: =TEXT(B36,"yyyy-mm") -> 2026-08 | O36: {=IFERROR(_xlfn.XLOOKUP(C36,AgentMaster[[#All],[Agent ID]],AgentMaster[[#All],[Agent Name]]),"")} -> Agent 131 | P36: =COUNTIFS(O:O,O36,F:F,"Success") -> 11 | Q36: A112 | R36: =IF(COUNTIFS(C:C,Q36,F:F,"Success")>0,1,0) -> 1
A37: T0036 | B37: 46257 | C37: A128 | D37: P04 | E37: 5000 | F37: Success | G37: Retailer | H37: North | I37: =TEXT(B37,"yyyy-mm") -> 2026-08 | J37: =IFERROR(_xludf.XLOOKUP(C37,'Agent Master'!$A:$A,'Agent Master'!$B:$B,"Missing"),"Missing") -> Missing | K37: =IFERROR(_xludf.XLOOKUP(C37,'Agent Master'!$A:$A,'Agent Master'!$C:$C,"Missing"),"Missing") -> Missing | L37: =TEXT(B37,"mmmm") -> August | M37: =_xlfn.XLOOKUP('Transaction Data'!D37,ProductMap[Product Code],ProductMap[Product Name]) -> DMT | N37: =TEXT(B37,"yyyy-mm") -> 2026-08 | O37: {=IFERROR(_xlfn.XLOOKUP(C37,AgentMaster[[#All],[Agent ID]],AgentMaster[[#All],[Agent Name]]),"")} -> Agent 128 | P37: =COUNTIFS(O:O,O37,F:F,"Success") -> 16 | Q37: A127 | R37: =IF(COUNTIFS(C:C,Q37,F:F,"Success")>0,1,0) -> 1
A38: T0037 | B38: 46238 | C38: A126 | D38: P06 | E38: 2000 | F38: Success | G38: Retailer | H38: West | I38: =TEXT(B38,"yyyy-mm") -> 2026-08 | J38: =IFERROR(_xludf.XLOOKUP(C38,'Agent Master'!$A:$A,'Agent Master'!$B:$B,"Missing"),"Missing") -> Missing | K38: =IFERROR(_xludf.XLOOKUP(C38,'Agent Master'!$A:$A,'Agent Master'!$C:$C,"Missing"),"Missing") -> Missing | L38: =TEXT(B38,"mmmm") -> August | M38: =_xlfn.XLOOKUP('Transaction Data'!D38,ProductMap[Product Code],ProductMap[Product Name]) -> MATM | N38: =TEXT(B38,"yyyy-mm") -> 2026-08 | O38: {=IFERROR(_xlfn.XLOOKUP(C38,AgentMaster[[#All],[Agent ID]],AgentMaster[[#All],[Agent Name]]),"")} -> Agent 126 | P38: =COUNTIFS(O:O,O38,F:F,"Success") -> 11 | Q38: A134 | R38: =IF(COUNTIFS(C:C,Q38,F:F,"Success")>0,1,0) -> 1
A39: T0038 | B39: 46247 | C39: A135 | D39: P04 | E39: 750 | F39: Success | G39: Retailer | H39: South | I39: =TEXT(B39,"yyyy-mm") -> 2026-08 | J39: =IFERROR(_xludf.XLOOKUP(C39,'Agent Master'!$A:$A,'Agent Master'!$B:$B,"Missing"),"Missing") -> Missing | K39: =IFERROR(_xludf.XLOOKUP(C39,'Agent Master'!$A:$A,'Agent Master'!$C:$C,"Missing"),"Missing") -> Missing | L39: =TEXT(B39,"mmmm") -> August | M39: =_xlfn.XLOOKUP('Transaction Data'!D39,ProductMap[Product Code],ProductMap[Product Name]) -> DMT | N39: =TEXT(B39,"yyyy-mm") -> 2026-08 | O39: {=IFERROR(_xlfn.XLOOKUP(C39,AgentMaster[[#All],[Agent ID]],AgentMaster[[#All],[Agent Name]]),"")} -> Agent 135 | P39: =COUNTIFS(O:O,O39,F:F,"Success") -> 19 | Q39: A122 | R39: =IF(COUNTIFS(C:C,Q39,F:F,"Success")>0,1,0) -> 1
A40: T0039 | B40: 46264 | C40: A116 | D40: P01 | E40: 5000 | F40: Success | G40: Retailer | H40: North | I40: =TEXT(B40,"yyyy-mm") -> 2026-08 | J40: =IFERROR(_xludf.XLOOKUP(C40,'Agent Master'!$A:$A,'Agent Master'!$B:$B,"Missing"),"Missing") -> Missing | K40: =IFERROR(_xludf.XLOOKUP(C40,'Agent Master'!$A:$A,'Agent Master'!$C:$C,"Missing"),"Missing") -> Missing | L40: =TEXT(B40,"mmmm") -> August | M40: =_xlfn.XLOOKUP('Transaction Data'!D40,ProductMap[Product Code],ProductMap[Product Name]) -> AEPS | N40: =TEXT(B40,"yyyy-mm") -> 2026-08 | O40: {=IFERROR(_xlfn.XLOOKUP(C40,AgentMaster[[#All],[Agent ID]],AgentMaster[[#All],[Agent Name]]),"")} -> Agent 116 | P40: =COUNTIFS(O:O,O40,F:F,"Success") -> 15 | Q40: A120 | R40: =IF(COUNTIFS(C:C,Q40,F:F,"Success")>0,1,0) -> 1
A41: T0040 | B41: 46276 | C41: A135 | D41: P01 | E41: 500 | F41: Success | G41: Retailer | H41: East | I41: =TEXT(B41,"yyyy-mm") -> 2026-09 | J41: =IFERROR(_xludf.XLOOKUP(C41,'Agent Master'!$A:$A,'Agent Master'!$B:$B,"Missing"),"Missing") -> Missing | K41: =IFERROR(_xludf.XLOOKUP(C41,'Agent Master'!$A:$A,'Agent Master'!$C:$C,"Missing"),"Missing") -> Missing | L41: =TEXT(B41,"mmmm") -> September | M41: =_xlfn.XLOOKUP('Transaction Data'!D41,ProductMap[Product Code],ProductMap[Product Name]) -> AEPS | N41: =TEXT(B41,"yyyy-mm") -> 2026-09 | O41: {=IFERROR(_xlfn.XLOOKUP(C41,AgentMaster[[#All],[Agent ID]],AgentMaster[[#All],[Agent Name]]),"")} -> Agent 135 | P41: =COUNTIFS(O:O,O41,F:F,"Success") -> 19 | Q41: A111 | R41: =IF(COUNTIFS(C:C,Q41,F:F,"Success")>0,1,0) -> 1
A42: T0041 | B42: 46266 | C42: A131 | D42: P02 | E42: 2500 | F42: Success | G42: Retailer | H42: East | I42: =TEXT(B42,"yyyy-mm") -> 2026-09 | J42: =IFERROR(_xludf.XLOOKUP(C42,'Agent Master'!$A:$A,'Agent Master'!$B:$B,"Missing"),"Missing") -> Missing | K42: =IFERROR(_xludf.XLOOKUP(C42,'Agent Master'!$A:$A,'Agent Master'!$C:$C,"Missing"),"Missing") -> Missing | L42: =TEXT(B42,"mmmm") -> September | M42: =_xlfn.XLOOKUP('Transaction Data'!D42,ProductMap[Product Code],ProductMap[Product Name]) -> UPI | N42: =TEXT(B42,"yyyy-mm") -> 2026-09 | O42: {=IFERROR(_xlfn.XLOOKUP(C42,AgentMaster[[#All],[Agent ID]],AgentMaster[[#All],[Agent Name]]),"")} -> Agent 131 | P42: =COUNTIFS(O:O,O42,F:F,"Success") -> 11 | Q42: A110 | R42: =IF(COUNTIFS(C:C,Q42,F:F,"Success")>0,1,0) -> 1
A43: T0042 | B43: 46235 | C43: A125 | D43: P03 | E43: 20000 | F43: Success | G43: Distributor | H43: East | I43: =TEXT(B43,"yyyy-mm") -> 2026-08 | J43: =IFERROR(_xludf.XLOOKUP(C43,'Agent Master'!$A:$A,'Agent Master'!$B:$B,"Missing"),"Missing") -> Missing | K43: =IFERROR(_xludf.XLOOKUP(C43,'Agent Master'!$A:$A,'Agent Master'!$C:$C,"Missing"),"Missing") -> Missing | L43: =TEXT(B43,"mmmm") -> August | M43: =_xlfn.XLOOKUP('Transaction Data'!D43,ProductMap[Product Code],ProductMap[Product Name]) -> APAY | N43: =TEXT(B43,"yyyy-mm") -> 2026-08 | O43: {=IFERROR(_xlfn.XLOOKUP(C43,AgentMaster[[#All],[Agent ID]],AgentMaster[[#All],[Agent Name]]),"")} -> Agent 125 | P43: =COUNTIFS(O:O,O43,F:F,"Success") -> 7 | Q43: A123 | R43: =IF(COUNTIFS(C:C,Q43,F:F,"Success")>0,1,0) -> 1
... A46: T0045 | B46: 46238 | C46: A104 | D46: P05 | E46: 5000 | F46: Success | G46: Retailer | H46: West | I46: =TEXT(B46,"yyyy-mm") -> 2026-08 | J46: =IFERROR(_xludf.XLOOKUP(C46,'Agent Master'!$A:$A,'Agent Master'!$B:$B,"Missing"),"Missing") -> Missing | K46: =IFERROR(_xludf.XLOOKUP(C46,'Agent Master'!$A:$A,'Agent Master'!$C:$C,"Missing"),"Missing") -> Missing | L46: =TEXT(B46,"mmmm") -> August | M46: =_xlfn.XLOOKUP('Transaction Data'!D46,ProductMap[Product Code],ProductMap[Product Name]) -> BBPS | N46: =TEXT(B46,"yyyy-mm") -> 2026-08 | O46: {=IFERROR(_xlfn.XLOOKUP(C46,AgentMaster[[#All],[Agent ID]],AgentMaster[[#All],[Agent Name]]),"")} -> Agent 104 | P46: =COUNTIFS(O:O,O46,F:F,"Success") -> 6 | Q46: A139 | R46: =IF(COUNTIFS(C:C,Q46,F:F,"Success")>0,1,0) -> 1
A47: T0046 | B47: 46238 | C47: A133 | D47: P01 | E47: 750 | F47: Success | G47: Retailer | H47: North | I47: =TEXT(B47,"yyyy-mm") -> 2026-08 | J47: =IFERROR(_xludf.XLOOKUP(C47,'Agent Master'!$A:$A,'Agent Master'!$B:$B,"Missing"),"Missing") -> Missing | K47: =IFERROR(_xludf.XLOOKUP(C47,'Agent Master'!$A:$A,'Agent Master'!$C:$C,"Missing"),"Missing") -> Missing | L47: =TEXT(B47,"mmmm") -> August | M47: =_xlfn.XLOOKUP('Transaction Data'!D47,ProductMap[Product Code],ProductMap[Product Name]) -> AEPS | N47: =TEXT(B47,"yyyy-mm") -> 2026-08 | O47: {=IFERROR(_xlfn.XLOOKUP(C47,AgentMaster[[#All],[Agent ID]],AgentMaster[[#All],[Agent Name]]),"")} -> Agent 133 | P47: =COUNTIFS(O:O,O47,F:F,"Success") -> 9 | R47: =SUM(R5:R46) -> 41
A48: T0047 | B48: 46278 | C48: A116 | D48: P04 | E48: 500 | F48: Failed | G48: Retailer | H48: North | I48: =TEXT(B48,"yyyy-mm") -> 2026-09 | J48: =IFERROR(_xludf.XLOOKUP(C48,'Agent Master'!$A:$A,'Agent Master'!$B:$B,"Missing"),"Missing") -> Missing | K48: =IFERROR(_xludf.XLOOKUP(C48,'Agent Master'!$A:$A,'Agent Master'!$C:$C,"Missing"),"Missing") -> Missing | L48: =TEXT(B48,"mmmm") -> September | M48: =_xlfn.XLOOKUP('Transaction Data'!D48,ProductMap[Product Code],ProductMap[Product Name]) -> DMT | N48: =TEXT(B48,"yyyy-mm") -> 2026-09 | O48: {=IFERROR(_xlfn.XLOOKUP(C48,AgentMaster[[#All],[Agent ID]],AgentMaster[[#All],[Agent Name]]),"")} -> Agent 116 | P48: =COUNTIFS(O:O,O48,F:F,"Success") -> 15
A49: T0048 | B49: 46274 | C49: A106 | D49: P04 | E49: 12500 | F49: Failed | G49: Retailer | H49: South | I49: =TEXT(B49,"yyyy-mm") -> 2026-09 | J49: =IFERROR(_xludf.XLOOKUP(C49,'Agent Master'!$A:$A,'Agent Master'!$B:$B,"Missing"),"Missing") -> Missing | K49: =IFERROR(_xludf.XLOOKUP(C49,'Agent Master'!$A:$A,'Agent Master'!$C:$C,"Missing"),"Missing") -> Missing | L49: =TEXT(B49,"mmmm") -> September | M49: =_xlfn.XLOOKUP('Transaction Data'!D49,ProductMap[Product Code],ProductMap[Product Name]) -> DMT | N49: =TEXT(B49,"yyyy-mm") -> 2026-09 | O49: {=IFERROR(_xlfn.XLOOKUP(C49,AgentMaster[[#All],[Agent ID]],AgentMaster[[#All],[Agent Name]]),"")} -> Agent 106 | P49: =COUNTIFS(O:O,O49,F:F,"Success") -> 8
A50: T0049 | B50: 46294 | C50: A117 | D50: P02 | E50: 12500 | F50: Success | G50: Retailer | H50: South | I50: =TEXT(B50,"yyyy-mm") -> 2026-09 | J50: =IFERROR(_xludf.XLOOKUP(C50,'Agent Master'!$A:$A,'Agent Master'!$B:$B,"Missing"),"Missing") -> Missing | K50: =IFERROR(_xludf.XLOOKUP(C50,'Agent Master'!$A:$A,'Agent Master'!$C:$C,"Missing"),"Missing") -> Missing | L50: =TEXT(B50,"mmmm") -> September | M50: =_xlfn.XLOOKUP('Transaction Data'!D50,ProductMap[Product Code],ProductMap[Product Name]) -> UPI | N50: =TEXT(B50,"yyyy-mm") -> 2026-09 | O50: {=IFERROR(_xlfn.XLOOKUP(C50,AgentMaster[[#All],[Agent ID]],AgentMaster[[#All],[Agent Name]]),"")} -> Agent 117 | P50: =COUNTIFS(O:O,O50,F:F,"Success") -> 12
A51: T0050 | B51: 46260 | C51: A109 | D51: P06 | E51: 12500 | F51: Success | G51: Distributor | H51: South | I51: =TEXT(B51,"yyyy-mm") -> 2026-08 | J51: =IFERROR(_xludf.XLOOKUP(C51,'Agent Master'!$A:$A,'Agent Master'!$B:$B,"Missing"),"Missing") -> Missing | K51: =IFERROR(_xludf.XLOOKUP(C51,'Agent Master'!$A:$A,'Agent Master'!$C:$C,"Missing"),"Missing") -> Missing | L51: =TEXT(B51,"mmmm") -> August | M51: =_xlfn.XLOOKUP('Transaction Data'!D51,ProductMap[Product Code],ProductMap[Product Name]) -> MATM | N51: =TEXT(B51,"yyyy-mm") -> 2026-08 | O51: {=IFERROR(_xlfn.XLOOKUP(C51,AgentMaster[[#All],[Agent ID]],AgentMaster[[#All],[Agent Name]]),"")} -> Agent 109 | P51: =COUNTIFS(O:O,O51,F:F,"Success") -> 16
A52: T0051 | B52: 46294 | C52: A105 | D52: P01 | E52: 5000 | F52: Failed | G52: Retailer | H52: North | I52: =TEXT(B52,"yyyy-mm") -> 2026-09 | J52: =IFERROR(_xludf.XLOOKUP(C52,'Agent Master'!$A:$A,'Agent Master'!$B:$B,"Missing"),"Missing") -> Missing | K52: =IFERROR(_xludf.XLOOKUP(C52,'Agent Master'!$A:$A,'Agent Master'!$C:$C,"Missing"),"Missing") -> Missing | L52: =TEXT(B52,"mmmm") -> September | M52: =_xlfn.XLOOKUP('Transaction Data'!D52,ProductMap[Product Code],ProductMap[Product Name]) -> AEPS | N52: =TEXT(B52,"yyyy-mm") -> 2026-09 | O52: {=IFERROR(_xlfn.XLOOKUP(C52,AgentMaster[[#All],[Agent ID]],AgentMaster[[#All],[Agent Name]]),"")} -> Agent 105 | P52: =COUNTIFS(O:O,O52,F:F,"Success") -> 8
A53: T0052 | B53: 46239 | C53: A135 | D53: P02 | E53: 7500 | F53: Success | G53: Retailer | H53: South | I53: =TEXT(B53,"yyyy-mm") -> 2026-08 | J53: =IFERROR(_xludf.XLOOKUP(C53,'Agent Master'!$A:$A,'Agent Master'!$B:$B,"Missing"),"Missing") -> Missing | K53: =IFERROR(_xludf.XLOOKUP(C53,'Agent Master'!$A:$A,'Agent Master'!$C:$C,"Missing"),"Missing") -> Missing | L53: =TEXT(B53,"mmmm") -> August | M53: =_xlfn.XLOOKUP('Transaction Data'!D53,ProductMap[Product Code],ProductMap[Product Name]) -> UPI | N53: =TEXT(B53,"yyyy-mm") -> 2026-08 | O53: {=IFERROR(_xlfn.XLOOKUP(C53,AgentMaster[[#All],[Agent ID]],AgentMaster[[#All],[Agent Name]]),"")} -> Agent 135 | P53: =COUNTIFS(O:O,O53,F:F,"Success") -> 19
A54: T0053 | B54: 46291 | C54: A105 | D54: P02 | E54: 2000 | F54: Success | G54: Retailer | H54: East | I54: =TEXT(B54,"yyyy-mm") -> 2026-09 | J54: =IFERROR(_xludf.XLOOKUP(C54,'Agent Master'!$A:$A,'Agent Master'!$B:$B,"Missing"),"Missing") -> Missing | K54: =IFERROR(_xludf.XLOOKUP(C54,'Agent Master'!$A:$A,'Agent Master'!$C:$C,"Missing"),"Missing") -> Missing | L54: =TEXT(B54,"mmmm") -> September | M54: =_xlfn.XLOOKUP('Transaction Data'!D54,ProductMap[Product Code],ProductMap[Product Name]) -> UPI | N54: =TEXT(B54,"yyyy-mm") -> 2026-09 | O54: {=IFERROR(_xlfn.XLOOKUP(C54,AgentMaster[[#All],[Agent ID]],AgentMaster[[#All],[Agent Name]]),"")} -> Agent 105 | P54: =COUNTIFS(O:O,O54,F:F,"Success") -> 8
A55: T0054 | B55: 46288 | C55: A135 | D55: P06 | E55: 1500 | F55: Failed | G55: Retailer | H55: North | I55: =TEXT(B55,"yyyy-mm") -> 2026-09 | J55: =IFERROR(_xludf.XLOOKUP(C55,'Agent Master'!$A:$A,'Agent Master'!$B:$B,"Missing"),"Missing") -> Missing | K55: =IFERROR(_xludf.XLOOKUP(C55,'Agent Master'!$A:$A,'Agent Master'!$C:$C,"Missing"),"Missing") -> Missing | L55: =TEXT(B55,"mmmm") -> September | M55: =_xlfn.XLOOKUP('Transaction Data'!D55,ProductMap[Product Code],ProductMap[Product Name]) -> MATM | N55: =TEXT(B55,"yyyy-mm") -> 2026-09 | O55: {=IFERROR(_xlfn.XLOOKUP(C55,AgentMaster[[#All],[Agent ID]],AgentMaster[[#All],[Agent Name]]),"")} -> Agent 135 | P55: =COUNTIFS(O:O,O55,F:F,"Success") -> 19
A56: T0055 | B56: 46277 | C56: A136 | D56: P03 | E56: 12500 | F56: Success | G56: Retailer | H56: South | I56: =TEXT(B56,"yyyy-mm") -> 2026-09 | J56: =IFERROR(_xludf.XLOOKUP(C56,'Agent Master'!$A:$A,'Agent Master'!$B:$B,"Missing"),"Missing") -> Missing | K56: =IFERROR(_xludf.XLOOKUP(C56,'Agent Master'!$A:$A,'Agent Master'!$C:$C,"Missing"),"Missing") -> Missing | L56: =TEXT(B56,"mmmm") -> September | M56: =_xlfn.XLOOKUP('Transaction Data'!D56,ProductMap[Product Code],ProductMap[Product Name]) -> APAY | N56: =TEXT(B56,"yyyy-mm") -> 2026-09 | O56: {=IFERROR(_xlfn.XLOOKUP(C56,AgentMaster[[#All],[Agent ID]],AgentMaster[[#All],[Agent Name]]),"")} -> Agent 136 | P56: =COUNTIFS(O:O,O56,F:F,"Success") -> 16
A57: T0056 | B57: 46242 | C57: A107 | D57: P06 | E57: 7500 | F57: Success | G57: Distributor | H57: South | I57: =TEXT(B57,"yyyy-mm") -> 2026-08 | J57: =IFERROR(_xludf.XLOOKUP(C57,'Agent Master'!$A:$A,'Agent Master'!$B:$B,"Missing"),"Missing") -> Missing | K57: =IFERROR(_xludf.XLOOKUP(C57,'Agent Master'!$A:$A,'Agent Master'!$C:$C,"Missing"),"Missing") -> Missing | L57: =TEXT(B57,"mmmm") -> August | M57: =_xlfn.XLOOKUP('Transaction Data'!D57,ProductMap[Product Code],ProductMap[Product Name]) -> MATM | N57: =TEXT(B57,"yyyy-mm") -> 2026-08 | O57: {=IFERROR(_xlfn.XLOOKUP(C57,AgentMaster[[#All],[Agent ID]],AgentMaster[[#All],[Agent Name]]),"")} -> Agent 107 | P57: =COUNTIFS(O:O,O57,F:F,"Success") -> 16
A58: T0057 | B58: 46273 | C58: A114 | D58: P06 | E58: 2000 | F58: Success | G58: Retailer | H58: South | I58: =TEXT(B58,"yyyy-mm") -> 2026-09 | J58: =IFERROR(_xludf.XLOOKUP(C58,'Agent Master'!$A:$A,'Agent Master'!$B:$B,"Missing"),"Missing") -> Missing | K58: =IFERROR(_xludf.XLOOKUP(C58,'Agent Master'!$A:$A,'Agent Master'!$C:$C,"Missing"),"Missing") -> Missing | L58: =TEXT(B58,"mmmm") -> September | M58: =_xlfn.XLOOKUP('Transaction Data'!D58,ProductMap[Product Code],ProductMap[Product Name]) -> MATM | N58: =TEXT(B58,"yyyy-mm") -> 2026-09 | O58: {=IFERROR(_xlfn.XLOOKUP(C58,AgentMaster[[#All],[Agent ID]],AgentMaster[[#All],[Agent Name]]),"")} -> Agent 114 | P58: =COUNTIFS(O:O,O58,F:F,"Success") -> 8
A59: T0058 | B59: 46267 | C59: A132 | D59: P03 | E59: 250 | F59: Success | G59: Retailer | H59: East | I59: =TEXT(B59,"yyyy-mm") -> 2026-09 | J59: =IFERROR(_xludf.XLOOKUP(C59,'Agent Master'!$A:$A,'Agent Master'!$B:$B,"Missing"),"Missing") -> Missing | K59: =IFERROR(_xludf.XLOOKUP(C59,'Agent Master'!$A:$A,'Agent Master'!$C:$C,"Missing"),"Missing") -> Missing | L59: =TEXT(B59,"mmmm") -> September | M59: =_xlfn.XLOOKUP('Transaction Data'!D59,ProductMap[Product Code],ProductMap[Product Name]) -> APAY | N59: =TEXT(B59,"yyyy-mm") -> 2026-09 | O59: {=IFERROR(_xlfn.XLOOKUP(C59,AgentMaster[[#All],[Agent ID]],AgentMaster[[#All],[Agent Name]]),"")} -> Agent 132 | P59: =COUNTIFS(O:O,O59,F:F,"Success") -> 8
... A70: T0069 | B70: 46277 | C70: A113 | D70: P04 | E70: 2000 | F70: Success | G70: Retailer | H70: South | I70: =TEXT(B70,"yyyy-mm") -> 2026-09 | J70: =IFERROR(_xludf.XLOOKUP(C70,'Agent Master'!$A:$A,'Agent Master'!$B:$B,"Missing"),"Missing") -> Missing | K70: =IFERROR(_xludf.XLOOKUP(C70,'Agent Master'!$A:$A,'Agent Master'!$C:$C,"Missing"),"Missing") -> Missing | L70: =TEXT(B70,"mmmm") -> September | M70: =_xlfn.XLOOKUP('Transaction Data'!D70,ProductMap[Product Code],ProductMap[Product Name]) -> DMT | N70: =TEXT(B70,"yyyy-mm") -> 2026-09 | O70: {=IFERROR(_xlfn.XLOOKUP(C70,AgentMaster[[#All],[Agent ID]],AgentMaster[[#All],[Agent Name]]),"")} -> Agent 113 | P70: =COUNTIFS(O:O,O70,F:F,"Success") -> 12
A71: T0070 | B71: 46257 | D71: P05 | E71: 2500 | F71: Success | G71: Distributor | H71: North | I71: =TEXT(B71,"yyyy-mm") -> 2026-08 | J71: =IFERROR(_xludf.XLOOKUP(C71,'Agent Master'!$A:$A,'Agent Master'!$B:$B,"Missing"),"Missing") -> Missing | K71: =IFERROR(_xludf.XLOOKUP(C71,'Agent Master'!$A:$A,'Agent Master'!$C:$C,"Missing"),"Missing") -> Missing | L71: =TEXT(B71,"mmmm") -> August | M71: =_xlfn.XLOOKUP('Transaction Data'!D71,ProductMap[Product Code],ProductMap[Product Name]) -> BBPS | N71: =TEXT(B71,"yyyy-mm") -> 2026-08 | O71: {=IFERROR(_xlfn.XLOOKUP(C71,AgentMaster[[#All],[Agent ID]],AgentMaster[[#All],[Agent Name]]),"")} | P71: =COUNTIFS(O:O,O71,F:F,"Success") -> 25
A72: T0071 | B72: 46242 | C72: A117 | D72: P02 | E72: 10000 | F72: Success | G72: Retailer | H72: North | I72: =TEXT(B72,"yyyy-mm") -> 2026-08 | J72: =IFERROR(_xludf.XLOOKUP(C72,'Agent Master'!$A:$A,'Agent Master'!$B:$B,"Missing"),"Missing") -> Missing | K72: =IFERROR(_xludf.XLOOKUP(C72,'Agent Master'!$A:$A,'Agent Master'!$C:$C,"Missing"),"Missing") -> Missing | L72: =TEXT(B72,"mmmm") -> August | M72: =_xlfn.XLOOKUP('Transaction Data'!D72,ProductMap[Product Code],ProductMap[Product Name]) -> UPI | N72: =TEXT(B72,"yyyy-mm") -> 2026-08 | O72: {=IFERROR(_xlfn.XLOOKUP(C72,AgentMaster[[#All],[Agent ID]],AgentMaster[[#All],[Agent Name]]),"")} -> Agent 117 | P72: =COUNTIFS(O:O,O72,F:F,"Success") -> 12
A73: T0072 | B73: 46273 | C73: A128 | D73: P03 | E73: 15000 | F73: Success | G73: Distributor | H73: North | I73: =TEXT(B73,"yyyy-mm") -> 2026-09 | J73: =IFERROR(_xludf.XLOOKUP(C73,'Agent Master'!$A:$A,'Agent Master'!$B:$B,"Missing"),"Missing") -> Missing | K73: =IFERROR(_xludf.XLOOKUP(C73,'Agent Master'!$A:$A,'Agent Master'!$C:$C,"Missing"),"Missing") -> Missing | L73: =TEXT(B73,"mmmm") -> September | M73: =_xlfn.XLOOKUP('Transaction Data'!D73,ProductMap[Product Code],ProductMap[Product Name]) -> APAY | N73: =TEXT(B73,"yyyy-mm") -> 2026-09 | O73: {=IFERROR(_xlfn.XLOOKUP(C73,AgentMaster[[#All],[Agent ID]],AgentMaster[[#All],[Agent Name]]),"")} -> Agent 128 | P73: =COUNTIFS(O:O,O73,F:F,"Success") -> 16
A74: T0073 | B74: 46259 | C74: A137 | D74: P02 | E74: 1500 | F74: Success | G74: Retailer | H74: East | I74: =TEXT(B74,"yyyy-mm") -> 2026-08 | J74: =IFERROR(_xludf.XLOOKUP(C74,'Agent Master'!$A:$A,'Agent Master'!$B:$B,"Missing"),"Missing") -> Missing | K74: =IFERROR(_xludf.XLOOKUP(C74,'Agent Master'!$A:$A,'Agent Master'!$C:$C,"Missing"),"Missing") -> Missing | L74: =TEXT(B74,"mmmm") -> August | M74: =_xlfn.XLOOKUP('Transaction Data'!D74,ProductMap[Product Code],ProductMap[Product Name]) -> UPI | N74: =TEXT(B74,"yyyy-mm") -> 2026-08 | O74: {=IFERROR(_xlfn.XLOOKUP(C74,AgentMaster[[#All],[Agent ID]],AgentMaster[[#All],[Agent Name]]),"")} -> Agent 137 | P74: =COUNTIFS(O:O,O74,F:F,"Success") -> 11
A75: T0074 | B75: 46235 | C75: A134 | D75: P05 | E75: 12500 | F75: Success | G75: Distributor | H75: East | I75: =TEXT(B75,"yyyy-mm") -> 2026-08 | J75: =IFERROR(_xludf.XLOOKUP(C75,'Agent Master'!$A:$A,'Agent Master'!$B:$B,"Missing"),"Missing") -> Missing | K75: =IFERROR(_xludf.XLOOKUP(C75,'Agent Master'!$A:$A,'Agent Master'!$C:$C,"Missing"),"Missing") -> Missing | L75: =TEXT(B75,"mmmm") -> August | M75: =_xlfn.XLOOKUP('Transaction Data'!D75,ProductMap[Product Code],ProductMap[Product Name]) -> BBPS | N75: =TEXT(B75,"yyyy-mm") -> 2026-08 | O75: {=IFERROR(_xlfn.XLOOKUP(C75,AgentMaster[[#All],[Agent ID]],AgentMaster[[#All],[Agent Name]]),"")} -> Agent 134 | P75: =COUNTIFS(O:O,O75,F:F,"Success") -> 6
A76: T0075 | B76: 46239 | C76: A122 | D76: P05 | E76: 2000 | F76: Success | G76: Retailer | H76: South | I76: =TEXT(B76,"yyyy-mm") -> 2026-08 | J76: =IFERROR(_xludf.XLOOKUP(C76,'Agent Master'!$A:$A,'Agent Master'!$B:$B,"Missing"),"Missing") -> Missing | K76: =IFERROR(_xludf.XLOOKUP(C76,'Agent Master'!$A:$A,'Agent Master'!$C:$C,"Missing"),"Missing") -> Missing | L76: =TEXT(B76,"mmmm") -> August | M76: =_xlfn.XLOOKUP('Transaction Data'!D76,ProductMap[Product Code],ProductMap[Product Name]) -> BBPS | N76: =TEXT(B76,"yyyy-mm") -> 2026-08 | O76: {=IFERROR(_xlfn.XLOOKUP(C76,AgentMaster[[#All],[Agent ID]],AgentMaster[[#All],[Agent Name]]),"")} -> Agent 122 | P76: =COUNTIFS(O:O,O76,F:F,"Success") -> 7
A77: T0076 | B77: 46267 | C77: A120 | D77: P06 | E77: 2500 | F77: Success | G77: Distributor | H77: South | I77: =TEXT(B77,"yyyy-mm") -> 2026-09 | J77: =IFERROR(_xludf.XLOOKUP(C77,'Agent Master'!$A:$A,'Agent Master'!$B:$B,"Missing"),"Missing") -> Missing | K77: =IFERROR(_xludf.XLOOKUP(C77,'Agent Master'!$A:$A,'Agent Master'!$C:$C,"Missing"),"Missing") -> Missing | L77: =TEXT(B77,"mmmm") -> September | M77: =_xlfn.XLOOKUP('Transaction Data'!D77,ProductMap[Product Code],ProductMap[Product Name]) -> MATM | N77: =TEXT(B77,"yyyy-mm") -> 2026-09 | O77: {=IFERROR(_xlfn.XLOOKUP(C77,AgentMaster[[#All],[Agent ID]],AgentMaster[[#All],[Agent Name]]),"")} -> Agent 120 | P77: =COUNTIFS(O:O,O77,F:F,"Success") -> 8
A78: T0077 | B78: 46270 | C78: A109 | D78: P02 | E78: 2500 | F78: Success | G78: Retailer | H78: West | I78: =TEXT(B78,"yyyy-mm") -> 2026-09 | J78: =IFERROR(_xludf.XLOOKUP(C78,'Agent Master'!$A:$A,'Agent Master'!$B:$B,"Missing"),"Missing") -> Missing | K78: =IFERROR(_xludf.XLOOKUP(C78,'Agent Master'!$A:$A,'Agent Master'!$C:$C,"Missing"),"Missing") -> Missing | L78: =TEXT(B78,"mmmm") -> September | M78: =_xlfn.XLOOKUP('Transaction Data'!D78,ProductMap[Product Code],ProductMap[Product Name]) -> UPI | N78: =TEXT(B78,"yyyy-mm") -> 2026-09 | O78: {=IFERROR(_xlfn.XLOOKUP(C78,AgentMaster[[#All],[Agent ID]],AgentMaster[[#All],[Agent Name]]),"")} -> Agent 109 | P78: =COUNTIFS(O:O,O78,F:F,"Success") -> 16
A79: T0078 | B79: 46274 | C79: A137 | D79: P03 | E79: 2500 | F79: Success | G79: Retailer | H79: South | I79: =TEXT(B79,"yyyy-mm") -> 2026-09 | J79: =IFERROR(_xludf.XLOOKUP(C79,'Agent Master'!$A:$A,'Agent Master'!$B:$B,"Missing"),"Missing") -> Missing | K79: =IFERROR(_xludf.XLOOKUP(C79,'Agent Master'!$A:$A,'Agent Master'!$C:$C,"Missing"),"Missing") -> Missing | L79: =TEXT(B79,"mmmm") -> September | M79: =_xlfn.XLOOKUP('Transaction Data'!D79,ProductMap[Product Code],ProductMap[Product Name]) -> APAY | N79: =TEXT(B79,"yyyy-mm") -> 2026-09 | O79: {=IFERROR(_xlfn.XLOOKUP(C79,AgentMaster[[#All],[Agent ID]],AgentMaster[[#All],[Agent Name]]),"")} -> Agent 137 | P79: =COUNTIFS(O:O,O79,F:F,"Success") -> 11
A80: T0079 | B80: 46253 | C80: A114 | D80: P04 | E80: 20000 | F80: Failed | G80: Retailer | H80: South | I80: =TEXT(B80,"yyyy-mm") -> 2026-08 | J80: =IFERROR(_xludf.XLOOKUP(C80,'Agent Master'!$A:$A,'Agent Master'!$B:$B,"Missing"),"Missing") -> Missing | K80: =IFERROR(_xludf.XLOOKUP(C80,'Agent Master'!$A:$A,'Agent Master'!$C:$C,"Missing"),"Missing") -> Missing | L80: =TEXT(B80,"mmmm") -> August | M80: =_xlfn.XLOOKUP('Transaction Data'!D80,ProductMap[Product Code],ProductMap[Product Name]) -> DMT | N80: =TEXT(B80,"yyyy-mm") -> 2026-08 | O80: {=IFERROR(_xlfn.XLOOKUP(C80,AgentMaster[[#All],[Agent ID]],AgentMaster[[#All],[Agent Name]]),"")} -> Agent 114 | P80: =COUNTIFS(O:O,O80,F:F,"Success") -> 8
A81: T0080 | B81: 46264 | C81: A129 | D81: P04 | E81: 12500 | F81: Success | G81: Retailer | H81: East | I81: =TEXT(B81,"yyyy-mm") -> 2026-08 | J81: =IFERROR(_xludf.XLOOKUP(C81,'Agent Master'!$A:$A,'Agent Master'!$B:$B,"Missing"),"Missing") -> Missing | K81: =IFERROR(_xludf.XLOOKUP(C81,'Agent Master'!$A:$A,'Agent Master'!$C:$C,"Missing"),"Missing") -> Missing | L81: =TEXT(B81,"mmmm") -> August | M81: =_xlfn.XLOOKUP('Transaction Data'!D81,ProductMap[Product Code],ProductMap[Product Name]) -> DMT | N81: =TEXT(B81,"yyyy-mm") -> 2026-08 | O81: {=IFERROR(_xlfn.XLOOKUP(C81,AgentMaster[[#All],[Agent ID]],AgentMaster[[#All],[Agent Name]]),"")} -> Agent 129 | P81: =COUNTIFS(O:O,O81,F:F,"Success") -> 18
A82: T0081 | B82: 46285 | C82: A111 | D82: P06 | E82: 500 | F82: Success | G82: Retailer | H82: South | I82: =TEXT(B82,"yyyy-mm") -> 2026-09 | J82: =IFERROR(_xludf.XLOOKUP(C82,'Agent Master'!$A:$A,'Agent Master'!$B:$B,"Missing"),"Missing") -> Missing | K82: =IFERROR(_xludf.XLOOKUP(C82,'Agent Master'!$A:$A,'Agent Master'!$C:$C,"Missing"),"Missing") -> Missing | L82: =TEXT(B82,"mmmm") -> September | M82: =_xlfn.XLOOKUP('Transaction Data'!D82,ProductMap[Product Code],ProductMap[Product Name]) -> MATM | N82: =TEXT(B82,"yyyy-mm") -> 2026-09 | O82: {=IFERROR(_xlfn.XLOOKUP(C82,AgentMaster[[#All],[Agent ID]],AgentMaster[[#All],[Agent Name]]),"")} -> Agent 111 | P82: =COUNTIFS(O:O,O82,F:F,"Success") -> 8
A83: T0082 | B83: 46240 | C83: A116 | D83: P06 | E83: 1500 | F83: Success | G83: Retailer | H83: West | I83: =TEXT(B83,"yyyy-mm") -> 2026-08 | J83: =IFERROR(_xludf.XLOOKUP(C83,'Agent Master'!$A:$A,'Agent Master'!$B:$B,"Missing"),"Missing") -> Missing | K83: =IFERROR(_xludf.XLOOKUP(C83,'Agent Master'!$A:$A,'Agent Master'!$C:$C,"Missing"),"Missing") -> Missing | L83: =TEXT(B83,"mmmm") -> August | M83: =_xlfn.XLOOKUP('Transaction Data'!D83,ProductMap[Product Code],ProductMap[Product Name]) -> MATM | N83: =TEXT(B83,"yyyy-mm") -> 2026-08 | O83: {=IFERROR(_xlfn.XLOOKUP(C83,AgentMaster[[#All],[Agent ID]],AgentMaster[[#All],[Agent Name]]),"")} -> Agent 116 | P83: =COUNTIFS(O:O,O83,F:F,"Success") -> 15
... A103: T0102 | B103: 46251 | C103: A106 | D103: P04 | E103: 250 | F103: Success | G103: Retailer | H103: South | I103: =TEXT(B103,"yyyy-mm") -> 2026-08 | J103: =IFERROR(_xludf.XLOOKUP(C103,'Agent Master'!$A:$A,'Agent Master'!$B:$B,"Missing"),"Missing") -> Missing | K103: =IFERROR(_xludf.XLOOKUP(C103,'Agent Master'!$A:$A,'Agent Master'!$C:$C,"Missing"),"Missing") -> Missing | L103: =TEXT(B103,"mmmm") -> August | M103: =_xlfn.XLOOKUP('Transaction Data'!D103,ProductMap[Product Code],ProductMap[Product Name]) -> DMT | N103: =TEXT(B103,"yyyy-mm") -> 2026-08 | O103: {=IFERROR(_xlfn.XLOOKUP(C103,AgentMaster[[#All],[Agent ID]],AgentMaster[[#All],[Agent Name]]),"")} -> Agent 106 | P103: =COUNTIFS(O:O,O103,F:F,"Success") -> 8
A104: T0103 | B104: 46249 | D104: P01 | E104: 20000 | F104: Success | G104: Retailer | H104: West | I104: =TEXT(B104,"yyyy-mm") -> 2026-08 | J104: =IFERROR(_xludf.XLOOKUP(C104,'Agent Master'!$A:$A,'Agent Master'!$B:$B,"Missing"),"Missing") -> Missing | K104: =IFERROR(_xludf.XLOOKUP(C104,'Agent Master'!$A:$A,'Agent Master'!$C:$C,"Missing"),"Missing") -> Missing | L104: =TEXT(B104,"mmmm") -> August | M104: =_xlfn.XLOOKUP('Transaction Data'!D104,ProductMap[Product Code],ProductMap[Product Name]) -> AEPS | N104: =TEXT(B104,"yyyy-mm") -> 2026-08 | O104: {=IFERROR(_xlfn.XLOOKUP(C104,AgentMaster[[#All],[Agent ID]],AgentMaster[[#All],[Agent Name]]),"")} | P104: =COUNTIFS(O:O,O104,F:F,"Success") -> 25
A105: T0104 | B105: 46247 | C105: A102 | D105: P05 | E105: 750 | F105: Success | G105: Retailer | H105: East | I105: =TEXT(B105,"yyyy-mm") -> 2026-08 | J105: =IFERROR(_xludf.XLOOKUP(C105,'Agent Master'!$A:$A,'Agent Master'!$B:$B,"Missing"),"Missing") -> Missing | K105: =IFERROR(_xludf.XLOOKUP(C105,'Agent Master'!$A:$A,'Agent Master'!$C:$C,"Missing"),"Missing") -> Missing | L105: =TEXT(B105,"mmmm") -> August | M105: =_xlfn.XLOOKUP('Transaction Data'!D105,ProductMap[Product Code],ProductMap[Product Name]) -> BBPS | N105: =TEXT(B105,"yyyy-mm") -> 2026-08 | O105: {=IFERROR(_xlfn.XLOOKUP(C105,AgentMaster[[#All],[Agent ID]],AgentMaster[[#All],[Agent Name]]),"")} -> Agent 102 | P105: =COUNTIFS(O:O,O105,F:F,"Success") -> 13
A106: T0105 | B106: 46277 | C106: A108 | D106: P05 | E106: 1000 | F106: Success | G106: Retailer | H106: South | I106: =TEXT(B106,"yyyy-mm") -> 2026-09 | J106: =IFERROR(_xludf.XLOOKUP(C106,'Agent Master'!$A:$A,'Agent Master'!$B:$B,"Missing"),"Missing") -> Missing | K106: =IFERROR(_xludf.XLOOKUP(C106,'Agent Master'!$A:$A,'Agent Master'!$C:$C,"Missing"),"Missing") -> Missing | L106: =TEXT(B106,"mmmm") -> September | M106: =_xlfn.XLOOKUP('Transaction Data'!D106,ProductMap[Product Code],ProductMap[Product Name]) -> BBPS | N106: =TEXT(B106,"yyyy-mm") -> 2026-09 | O106: {=IFERROR(_xlfn.XLOOKUP(C106,AgentMaster[[#All],[Agent ID]],AgentMaster[[#All],[Agent Name]]),"")} -> Agent 108 | P106: =COUNTIFS(O:O,O106,F:F,"Success") -> 12
A107: T0106 | B107: 46284 | C107: A124 | D107: P02 | E107: 10000 | F107: Failed | G107: Retailer | H107: North | I107: =TEXT(B107,"yyyy-mm") -> 2026-09 | J107: =IFERROR(_xludf.XLOOKUP(C107,'Agent Master'!$A:$A,'Agent Master'!$B:$B,"Missing"),"Missing") -> Missing | K107: =IFERROR(_xludf.XLOOKUP(C107,'Agent Master'!$A:$A,'Agent Master'!$C:$C,"Missing"),"Missing") -> Missing | L107: =TEXT(B107,"mmmm") -> September | M107: =_xlfn.XLOOKUP('Transaction Data'!D107,ProductMap[Product Code],ProductMap[Product Name]) -> UPI | N107: =TEXT(B107,"yyyy-mm") -> 2026-09 | O107: {=IFERROR(_xlfn.XLOOKUP(C107,AgentMaster[[#All],[Agent ID]],AgentMaster[[#All],[Agent Name]]),"")} -> Agent 124 | P107: =COUNTIFS(O:O,O107,F:F,"Success") -> 11
A108: T0107 | B108: 46284 | C108: A111 | D108: P03 | E108: 500 | F108: Failed | G108: Retailer | H108: South | I108: =TEXT(B108,"yyyy-mm") -> 2026-09 | J108: =IFERROR(_xludf.XLOOKUP(C108,'Agent Master'!$A:$A,'Agent Master'!$B:$B,"Missing"),"Missing") -> Missing | K108: =IFERROR(_xludf.XLOOKUP(C108,'Agent Master'!$A:$A,'Agent Master'!$C:$C,"Missing"),"Missing") -> Missing | L108: =TEXT(B108,"mmmm") -> September | M108: =_xlfn.XLOOKUP('Transaction Data'!D108,ProductMap[Product Code],ProductMap[Product Name]) -> APAY | N108: =TEXT(B108,"yyyy-mm") -> 2026-09 | O108: {=IFERROR(_xlfn.XLOOKUP(C108,AgentMaster[[#All],[Agent ID]],AgentMaster[[#All],[Agent Name]]),"")} -> Agent 111 | P108: =COUNTIFS(O:O,O108,F:F,"Success") -> 8
A109: T0108 | B109: 46271 | C109: A125 | D109: P04 | E109: 15000 | F109: Success | G109: Retailer | H109: West | I109: =TEXT(B109,"yyyy-mm") -> 2026-09 | J109: =IFERROR(_xludf.XLOOKUP(C109,'Agent Master'!$A:$A,'Agent Master'!$B:$B,"Missing"),"Missing") -> Missing | K109: =IFERROR(_xludf.XLOOKUP(C109,'Agent Master'!$A:$A,'Agent Master'!$C:$C,"Missing"),"Missing") -> Missing | L109: =TEXT(B109,"mmmm") -> September | M109: =_xlfn.XLOOKUP('Transaction Data'!D109,ProductMap[Product Code],ProductMap[Product Name]) -> DMT | N109: =TEXT(B109,"yyyy-mm") -> 2026-09 | O109: {=IFERROR(_xlfn.XLOOKUP(C109,AgentMaster[[#All],[Agent ID]],AgentMaster[[#All],[Agent Name]]),"")} -> Agent 125 | P109: =COUNTIFS(O:O,O109,F:F,"Success") -> 7
A110: T0109 | B110: 46241 | C110: A120 | D110: P06 | E110: 10000 | F110: Success | G110: Retailer | H110: North | I110: =TEXT(B110,"yyyy-mm") -> 2026-08 | J110: =IFERROR(_xludf.XLOOKUP(C110,'Agent Master'!$A:$A,'Agent Master'!$B:$B,"Missing"),"Missing") -> Missing | K110: =IFERROR(_xludf.XLOOKUP(C110,'Agent Master'!$A:$A,'Agent Master'!$C:$C,"Missing"),"Missing") -> Missing | L110: =TEXT(B110,"mmmm") -> August | M110: =_xlfn.XLOOKUP('Transaction Data'!D110,ProductMap[Product Code],ProductMap[Product Name]) -> MATM | N110: =TEXT(B110,"yyyy-mm") -> 2026-08 | O110: {=IFERROR(_xlfn.XLOOKUP(C110,AgentMaster[[#All],[Agent ID]],AgentMaster[[#All],[Agent Name]]),"")} -> Agent 120 | P110: =COUNTIFS(O:O,O110,F:F,"Success") -> 8
A111: T0110 | B111: 46257 | C111: A135 | D111: P04 | E111: 12500 | F111: Success | G111: Retailer | H111: South | I111: =TEXT(B111,"yyyy-mm") -> 2026-08 | J111: =IFERROR(_xludf.XLOOKUP(C111,'Agent Master'!$A:$A,'Agent Master'!$B:$B,"Missing"),"Missing") -> Missing | K111: =IFERROR(_xludf.XLOOKUP(C111,'Agent Master'!$A:$A,'Agent Master'!$C:$C,"Missing"),"Missing") -> Missing | L111: =TEXT(B111,"mmmm") -> August | M111: =_xlfn.XLOOKUP('Transaction Data'!D111,ProductMap[Product Code],ProductMap[Product Name]) -> DMT | N111: =TEXT(B111,"yyyy-mm") -> 2026-08 | O111: {=IFERROR(_xlfn.XLOOKUP(C111,AgentMaster[[#All],[Agent ID]],AgentMaster[[#All],[Agent Name]]),"")} -> Agent 135 | P111: =COUNTIFS(O:O,O111,F:F,"Success") -> 19
A112: T0111 | B112: 46235 | C112: A127 | D112: P04 | E112: 500 | F112: Success | G112: Distributor | H112: East | I112: =TEXT(B112,"yyyy-mm") -> 2026-08 | J112: =IFERROR(_xludf.XLOOKUP(C112,'Agent Master'!$A:$A,'Agent Master'!$B:$B,"Missing"),"Missing") -> Missing | K112: =IFERROR(_xludf.XLOOKUP(C112,'Agent Master'!$A:$A,'Agent Master'!$C:$C,"Missing"),"Missing") -> Missing | L112: =TEXT(B112,"mmmm") -> August | M112: =_xlfn.XLOOKUP('Transaction Data'!D112,ProductMap[Product Code],ProductMap[Product Name]) -> DMT | N112: =TEXT(B112,"yyyy-mm") -> 2026-08 | O112: {=IFERROR(_xlfn.XLOOKUP(C112,AgentMaster[[#All],[Agent ID]],AgentMaster[[#All],[Agent Name]]),"")} -> Agent 127 | P112: =COUNTIFS(O:O,O112,F:F,"Success") -> 11
A113: T0112 | B113: 46280 | C113: A110 | D113: P04 | E113: 750 | F113: Success | G113: Retailer | H113: South | I113: =TEXT(B113,"yyyy-mm") -> 2026-09 | J113: =IFERROR(_xludf.XLOOKUP(C113,'Agent Master'!$A:$A,'Agent Master'!$B:$B,"Missing"),"Missing") -> Missing | K113: =IFERROR(_xludf.XLOOKUP(C113,'Agent Master'!$A:$A,'Agent Master'!$C:$C,"Missing"),"Missing") -> Missing | L113: =TEXT(B113,"mmmm") -> September | M113: =_xlfn.XLOOKUP('Transaction Data'!D113,ProductMap[Product Code],ProductMap[Product Name]) -> DMT | N113: =TEXT(B113,"yyyy-mm") -> 2026-09 | O113: {=IFERROR(_xlfn.XLOOKUP(C113,AgentMaster[[#All],[Agent ID]],AgentMaster[[#All],[Agent Name]]),"")} -> Agent 110 | P113: =COUNTIFS(O:O,O113,F:F,"Success") -> 17
A114: T0113 | B114: 46274 | C114: A135 | D114: P04 | E114: 5000 | F114: Success | G114: Retailer | H114: South | I114: =TEXT(B114,"yyyy-mm") -> 2026-09 | J114: =IFERROR(_xludf.XLOOKUP(C114,'Agent Master'!$A:$A,'Agent Master'!$B:$B,"Missing"),"Missing") -> Missing | K114: =IFERROR(_xludf.XLOOKUP(C114,'Agent Master'!$A:$A,'Agent Master'!$C:$C,"Missing"),"Missing") -> Missing | L114: =TEXT(B114,"mmmm") -> September | M114: =_xlfn.XLOOKUP('Transaction Data'!D114,ProductMap[Product Code],ProductMap[Product Name]) -> DMT | N114: =TEXT(B114,"yyyy-mm") -> 2026-09 | O114: {=IFERROR(_xlfn.XLOOKUP(C114,AgentMaster[[#All],[Agent ID]],AgentMaster[[#All],[Agent Name]]),"")} -> Agent 135 | P114: =COUNTIFS(O:O,O114,F:F,"Success") -> 19
A115: T0114 | B115: 46255 | C115: A116 | D115: P01 | E115: 1500 | F115: Success | G115: Retailer | H115: East | I115: =TEXT(B115,"yyyy-mm") -> 2026-08 | J115: =IFERROR(_xludf.XLOOKUP(C115,'Agent Master'!$A:$A,'Agent Master'!$B:$B,"Missing"),"Missing") -> Missing | K115: =IFERROR(_xludf.XLOOKUP(C115,'Agent Master'!$A:$A,'Agent Master'!$C:$C,"Missing"),"Missing") -> Missing | L115: =TEXT(B115,"mmmm") -> August | M115: =_xlfn.XLOOKUP('Transaction Data'!D115,ProductMap[Product Code],ProductMap[Product Name]) -> AEPS | N115: =TEXT(B115,"yyyy-mm") -> 2026-08 | O115: {=IFERROR(_xlfn.XLOOKUP(C115,AgentMaster[[#All],[Agent ID]],AgentMaster[[#All],[Agent Name]]),"")} -> Agent 116 | P115: =COUNTIFS(O:O,O115,F:F,"Success") -> 15
A116: T0115 | B116: 46271 | C116: A140 | D116: P06 | E116: 2500 | F116: Success | G116: Retailer | H116: East | I116: =TEXT(B116,"yyyy-mm") -> 2026-09 | J116: =IFERROR(_xludf.XLOOKUP(C116,'Agent Master'!$A:$A,'Agent Master'!$B:$B,"Missing"),"Missing") -> Missing | K116: =IFERROR(_xludf.XLOOKUP(C116,'Agent Master'!$A:$A,'Agent Master'!$C:$C,"Missing"),"Missing") -> Missing | L116: =TEXT(B116,"mmmm") -> September | M116: =_xlfn.XLOOKUP('Transaction Data'!D116,ProductMap[Product Code],ProductMap[Product Name]) -> MATM | N116: =TEXT(B116,"yyyy-mm") -> 2026-09 | O116: {=IFERROR(_xlfn.XLOOKUP(C116,AgentMaster[[#All],[Agent ID]],AgentMaster[[#All],[Agent Name]]),"")} -> Agent 140 | P116: =COUNTIFS(O:O,O116,F:F,"Success") -> 5
... A163: T0162 | B163: 46249 | C163: A127 | D163: P01 | E163: 2000 | F163: Success | G163: Retailer | H163: East | I163: =TEXT(B163,"yyyy-mm") -> 2026-08 | J163: =IFERROR(_xludf.XLOOKUP(C163,'Agent Master'!$A:$A,'Agent Master'!$B:$B,"Missing"),"Missing") -> Missing | K163: =IFERROR(_xludf.XLOOKUP(C163,'Agent Master'!$A:$A,'Agent Master'!$C:$C,"Missing"),"Missing") -> Missing | L163: =TEXT(B163,"mmmm") -> August | M163: =_xlfn.XLOOKUP('Transaction Data'!D163,ProductMap[Product Code],ProductMap[Product Name]) -> AEPS | N163: =TEXT(B163,"yyyy-mm") -> 2026-08 | O163: {=IFERROR(_xlfn.XLOOKUP(C163,AgentMaster[[#All],[Agent ID]],AgentMaster[[#All],[Agent Name]]),"")} -> Agent 127 | P163: =COUNTIFS(O:O,O163,F:F,"Success") -> 11
A164: T0163 | B164: 46259 | D164: P02 | E164: 5000 | F164: Success | G164: Retailer | H164: South | I164: =TEXT(B164,"yyyy-mm") -> 2026-08 | J164: =IFERROR(_xludf.XLOOKUP(C164,'Agent Master'!$A:$A,'Agent Master'!$B:$B,"Missing"),"Missing") -> Missing | K164: =IFERROR(_xludf.XLOOKUP(C164,'Agent Master'!$A:$A,'Agent Master'!$C:$C,"Missing"),"Missing") -> Missing | L164: =TEXT(B164,"mmmm") -> August | M164: =_xlfn.XLOOKUP('Transaction Data'!D164,ProductMap[Product Code],ProductMap[Product Name]) -> UPI | N164: =TEXT(B164,"yyyy-mm") -> 2026-08 | O164: {=IFERROR(_xlfn.XLOOKUP(C164,AgentMaster[[#All],[Agent ID]],AgentMaster[[#All],[Agent Name]]),"")} | P164: =COUNTIFS(O:O,O164,F:F,"Success") -> 25
A165: T0164 | B165: 46290 | C165: A107 | D165: P04 | E165: 500 | F165: Success | G165: Distributor | H165: North | I165: =TEXT(B165,"yyyy-mm") -> 2026-09 | J165: =IFERROR(_xludf.XLOOKUP(C165,'Agent Master'!$A:$A,'Agent Master'!$B:$B,"Missing"),"Missing") -> Missing | K165: =IFERROR(_xludf.XLOOKUP(C165,'Agent Master'!$A:$A,'Agent Master'!$C:$C,"Missing"),"Missing") -> Missing | L165: =TEXT(B165,"mmmm") -> September | M165: =_xlfn.XLOOKUP('Transaction Data'!D165,ProductMap[Product Code],ProductMap[Product Name]) -> DMT | N165: =TEXT(B165,"yyyy-mm") -> 2026-09 | O165: {=IFERROR(_xlfn.XLOOKUP(C165,AgentMaster[[#All],[Agent ID]],AgentMaster[[#All],[Agent Name]]),"")} -> Agent 107 | P165: =COUNTIFS(O:O,O165,F:F,"Success") -> 16
A166: T0165 | B166: 46281 | C166: A110 | D166: P04 | E166: 12500 | F166: Success | G166: Retailer | H166: East | I166: =TEXT(B166,"yyyy-mm") -> 2026-09 | J166: =IFERROR(_xludf.XLOOKUP(C166,'Agent Master'!$A:$A,'Agent Master'!$B:$B,"Missing"),"Missing") -> Missing | K166: =IFERROR(_xludf.XLOOKUP(C166,'Agent Master'!$A:$A,'Agent Master'!$C:$C,"Missing"),"Missing") -> Missing | L166: =TEXT(B166,"mmmm") -> September | M166: =_xlfn.XLOOKUP('Transaction Data'!D166,ProductMap[Product Code],ProductMap[Product Name]) -> DMT | N166: =TEXT(B166,"yyyy-mm") -> 2026-09 | O166: {=IFERROR(_xlfn.XLOOKUP(C166,AgentMaster[[#All],[Agent ID]],AgentMaster[[#All],[Agent Name]]),"")} -> Agent 110 | P166: =COUNTIFS(O:O,O166,F:F,"Success") -> 17
A167: T0166 | B167: 46285 | C167: A117 | D167: P03 | E167: 10000 | F167: Success | G167: Retailer | H167: North | I167: =TEXT(B167,"yyyy-mm") -> 2026-09 | J167: =IFERROR(_xludf.XLOOKUP(C167,'Agent Master'!$A:$A,'Agent Master'!$B:$B,"Missing"),"Missing") -> Missing | K167: =IFERROR(_xludf.XLOOKUP(C167,'Agent Master'!$A:$A,'Agent Master'!$C:$C,"Missing"),"Missing") -> Missing | L167: =TEXT(B167,"mmmm") -> September | M167: =_xlfn.XLOOKUP('Transaction Data'!D167,ProductMap[Product Code],ProductMap[Product Name]) -> APAY | N167: =TEXT(B167,"yyyy-mm") -> 2026-09 | O167: {=IFERROR(_xlfn.XLOOKUP(C167,AgentMaster[[#All],[Agent ID]],AgentMaster[[#All],[Agent Name]]),"")} -> Agent 117 | P167: =COUNTIFS(O:O,O167,F:F,"Success") -> 12
A168: T0167 | B168: 46289 | C168: A122 | D168: P06 | E168: 7500 | F168: Success | G168: Distributor | H168: East | I168: =TEXT(B168,"yyyy-mm") -> 2026-09 | J168: =IFERROR(_xludf.XLOOKUP(C168,'Agent Master'!$A:$A,'Agent Master'!$B:$B,"Missing"),"Missing") -> Missing | K168: =IFERROR(_xludf.XLOOKUP(C168,'Agent Master'!$A:$A,'Agent Master'!$C:$C,"Missing"),"Missing") -> Missing | L168: =TEXT(B168,"mmmm") -> September | M168: =_xlfn.XLOOKUP('Transaction Data'!D168,ProductMap[Product Code],ProductMap[Product Name]) -> MATM | N168: =TEXT(B168,"yyyy-mm") -> 2026-09 | O168: {=IFERROR(_xlfn.XLOOKUP(C168,AgentMaster[[#All],[Agent ID]],AgentMaster[[#All],[Agent Name]]),"")} -> Agent 122 | P168: =COUNTIFS(O:O,O168,F:F,"Success") -> 7
A169: T0168 | B169: 46290 | C169: A135 | D169: P01 | E169: 10000 | F169: Success | G169: Retailer | H169: South | I169: =TEXT(B169,"yyyy-mm") -> 2026-09 | J169: =IFERROR(_xludf.XLOOKUP(C169,'Agent Master'!$A:$A,'Agent Master'!$B:$B,"Missing"),"Missing") -> Missing | K169: =IFERROR(_xludf.XLOOKUP(C169,'Agent Master'!$A:$A,'Agent Master'!$C:$C,"Missing"),"Missing") -> Missing | L169: =TEXT(B169,"mmmm") -> September | M169: =_xlfn.XLOOKUP('Transaction Data'!D169,ProductMap[Product Code],ProductMap[Product Name]) -> AEPS | N169: =TEXT(B169,"yyyy-mm") -> 2026-09 | O169: {=IFERROR(_xlfn.XLOOKUP(C169,AgentMaster[[#All],[Agent ID]],AgentMaster[[#All],[Agent Name]]),"")} -> Agent 135 | P169: =COUNTIFS(O:O,O169,F:F,"Success") -> 19
A170: T0169 | B170: 46249 | C170: A106 | D170: P04 | E170: 500 | F170: Success | G170: Distributor | H170: West | I170: =TEXT(B170,"yyyy-mm") -> 2026-08 | J170: =IFERROR(_xludf.XLOOKUP(C170,'Agent Master'!$A:$A,'Agent Master'!$B:$B,"Missing"),"Missing") -> Missing | K170: =IFERROR(_xludf.XLOOKUP(C170,'Agent Master'!$A:$A,'Agent Master'!$C:$C,"Missing"),"Missing") -> Missing | L170: =TEXT(B170,"mmmm") -> August | M170: =_xlfn.XLOOKUP('Transaction Data'!D170,ProductMap[Product Code],ProductMap[Product Name]) -> DMT | N170: =TEXT(B170,"yyyy-mm") -> 2026-08 | O170: {=IFERROR(_xlfn.XLOOKUP(C170,AgentMaster[[#All],[Agent ID]],AgentMaster[[#All],[Agent Name]]),"")} -> Agent 106 | P170: =COUNTIFS(O:O,O170,F:F,"Success") -> 8
A171: T0170 | B171: 46279 | C171: A120 | D171: P01 | E171: 250 | F171: Success | G171: Retailer | H171: South | I171: =TEXT(B171,"yyyy-mm") -> 2026-09 | J171: =IFERROR(_xludf.XLOOKUP(C171,'Agent Master'!$A:$A,'Agent Master'!$B:$B,"Missing"),"Missing") -> Missing | K171: =IFERROR(_xludf.XLOOKUP(C171,'Agent Master'!$A:$A,'Agent Master'!$C:$C,"Missing"),"Missing") -> Missing | L171: =TEXT(B171,"mmmm") -> September | M171: =_xlfn.XLOOKUP('Transaction Data'!D171,ProductMap[Product Code],ProductMap[Product Name]) -> AEPS | N171: =TEXT(B171,"yyyy-mm") -> 2026-09 | O171: {=IFERROR(_xlfn.XLOOKUP(C171,AgentMaster[[#All],[Agent ID]],AgentMaster[[#All],[Agent Name]]),"")} -> Agent 120 | P171: =COUNTIFS(O:O,O171,F:F,"Success") -> 8
A172: T0171 | B172: 46257 | C172: A124 | D172: P04 | E172: 750 | F172: Success | G172: Retailer | H172: East | I172: =TEXT(B172,"yyyy-mm") -> 2026-08 | J172: =IFERROR(_xludf.XLOOKUP(C172,'Agent Master'!$A:$A,'Agent Master'!$B:$B,"Missing"),"Missing") -> Missing | K172: =IFERROR(_xludf.XLOOKUP(C172,'Agent Master'!$A:$A,'Agent Master'!$C:$C,"Missing"),"Missing") -> Missing | L172: =TEXT(B172,"mmmm") -> August | M172: =_xlfn.XLOOKUP('Transaction Data'!D172,ProductMap[Product Code],ProductMap[Product Name]) -> DMT | N172: =TEXT(B172,"yyyy-mm") -> 2026-08 | O172: {=IFERROR(_xlfn.XLOOKUP(C172,AgentMaster[[#All],[Agent ID]],AgentMaster[[#All],[Agent Name]]),"")} -> Agent 124 | P172: =COUNTIFS(O:O,O172,F:F,"Success") -> 11
A173: T0172 | B173: 46271 | C173: A112 | D173: P02 | E173: 750 | F173: Success | G173: Retailer | H173: East | I173: =TEXT(B173,"yyyy-mm") -> 2026-09 | J173: =IFERROR(_xludf.XLOOKUP(C173,'Agent Master'!$A:$A,'Agent Master'!$B:$B,"Missing"),"Missing") -> Missing | K173: =IFERROR(_xludf.XLOOKUP(C173,'Agent Master'!$A:$A,'Agent Master'!$C:$C,"Missing"),"Missing") -> Missing | L173: =TEXT(B173,"mmmm") -> September | M173: =_xlfn.XLOOKUP('Transaction Data'!D173,ProductMap[Product Code],ProductMap[Product Name]) -> UPI | N173: =TEXT(B173,"yyyy-mm") -> 2026-09 | O173: {=IFERROR(_xlfn.XLOOKUP(C173,AgentMaster[[#All],[Agent ID]],AgentMaster[[#All],[Agent Name]]),"")} -> Agent 112 | P173: =COUNTIFS(O:O,O173,F:F,"Success") -> 7
A174: T0173 | B174: 46274 | C174: A116 | D174: P04 | E174: 10000 | F174: Success | G174: Retailer | H174: East | I174: =TEXT(B174,"yyyy-mm") -> 2026-09 | J174: =IFERROR(_xludf.XLOOKUP(C174,'Agent Master'!$A:$A,'Agent Master'!$B:$B,"Missing"),"Missing") -> Missing | K174: =IFERROR(_xludf.XLOOKUP(C174,'Agent Master'!$A:$A,'Agent Master'!$C:$C,"Missing"),"Missing") -> Missing | L174: =TEXT(B174,"mmmm") -> September | M174: =_xlfn.XLOOKUP('Transaction Data'!D174,ProductMap[Product Code],ProductMap[Product Name]) -> DMT | N174: =TEXT(B174,"yyyy-mm") -> 2026-09 | O174: {=IFERROR(_xlfn.XLOOKUP(C174,AgentMaster[[#All],[Agent ID]],AgentMaster[[#All],[Agent Name]]),"")} -> Agent 116 | P174: =COUNTIFS(O:O,O174,F:F,"Success") -> 15
A175: T0174 | B175: 46275 | C175: A117 | D175: P04 | E175: 1500 | F175: Success | G175: Distributor | H175: South | I175: =TEXT(B175,"yyyy-mm") -> 2026-09 | J175: =IFERROR(_xludf.XLOOKUP(C175,'Agent Master'!$A:$A,'Agent Master'!$B:$B,"Missing"),"Missing") -> Missing | K175: =IFERROR(_xludf.XLOOKUP(C175,'Agent Master'!$A:$A,'Agent Master'!$C:$C,"Missing"),"Missing") -> Missing | L175: =TEXT(B175,"mmmm") -> September | M175: =_xlfn.XLOOKUP('Transaction Data'!D175,ProductMap[Product Code],ProductMap[Product Name]) -> DMT | N175: =TEXT(B175,"yyyy-mm") -> 2026-09 | O175: {=IFERROR(_xlfn.XLOOKUP(C175,AgentMaster[[#All],[Agent ID]],AgentMaster[[#All],[Agent Name]]),"")} -> Agent 117 | P175: =COUNTIFS(O:O,O175,F:F,"Success") -> 12
A176: T0175 | B176: 46278 | C176: A135 | D176: P02 | E176: 500 | F176: Success | G176: Distributor | H176: South | I176: =TEXT(B176,"yyyy-mm") -> 2026-09 | J176: =IFERROR(_xludf.XLOOKUP(C176,'Agent Master'!$A:$A,'Agent Master'!$B:$B,"Missing"),"Missing") -> Missing | K176: =IFERROR(_xludf.XLOOKUP(C176,'Agent Master'!$A:$A,'Agent Master'!$C:$C,"Missing"),"Missing") -> Missing | L176: =TEXT(B176,"mmmm") -> September | M176: =_xlfn.XLOOKUP('Transaction Data'!D176,ProductMap[Product Code],ProductMap[Product Name]) -> UPI | N176: =TEXT(B176,"yyyy-mm") -> 2026-09 | O176: {=IFERROR(_xlfn.XLOOKUP(C176,AgentMaster[[#All],[Agent ID]],AgentMaster[[#All],[Agent Name]]),"")} -> Agent 135 | P176: =COUNTIFS(O:O,O176,F:F,"Success") -> 19
... A197: T0196 | B197: 46248 | C197: A129 | D197: P04 | E197: 1000 | F197: Success | G197: Retailer | H197: South | I197: =TEXT(B197,"yyyy-mm") -> 2026-08 | J197: =IFERROR(_xludf.XLOOKUP(C197,'Agent Master'!$A:$A,'Agent Master'!$B:$B,"Missing"),"Missing") -> Missing | K197: =IFERROR(_xludf.XLOOKUP(C197,'Agent Master'!$A:$A,'Agent Master'!$C:$C,"Missing"),"Missing") -> Missing | L197: =TEXT(B197,"mmmm") -> August | M197: =_xlfn.XLOOKUP('Transaction Data'!D197,ProductMap[Product Code],ProductMap[Product Name]) -> DMT | N197: =TEXT(B197,"yyyy-mm") -> 2026-08 | O197: {=IFERROR(_xlfn.XLOOKUP(C197,AgentMaster[[#All],[Agent ID]],AgentMaster[[#All],[Agent Name]]),"")} -> Agent 129 | P197: =COUNTIFS(O:O,O197,F:F,"Success") -> 18
...

Sheet Agent Master
A1: Agent Master
A3: Agent ID | B3: Agent Name | C3: ASM | D3: State
A4: A101 | B4: Agent 101 | C4: ASM North 1 | D4: Delhi
A5: A102 | B5: Agent 102 | C5: ASM North 2 | D5: Haryana
A6: A103 | B6: Agent 103 | C6: ASM West 1 | D6: Maharashtra
A7: A104 | B7: Agent 104 | C7: ASM South 1 | D7: Karnataka
A8: A105 | B8: Agent 105 | C8: ASM East 1 | D8: West Bengal
A9: A106 | B9: Agent 106 | C9: ASM North 1 | D9: Delhi
A10: A107 | B10: Agent 107 | C10: ASM North 2 | D10: Haryana
A11: A108 | B11: Agent 108 | C11: ASM West 1 | D11: Maharashtra
A12: A109 | B12: Agent 109 | C12: ASM South 1 | D12: Karnataka
A13: A110 | B13: Agent 110 | C13: ASM East 1 | D13: West Bengal
A14: A111 | B14: Agent 111 | C14: ASM North 1 | D14: Delhi
... A43: A140 | B43: Agent 140 | C43: ASM East 1 | D43: West Bengal

Sheet Product Mapping
A1: Product Mapping
A3: Product Code | B3: Product Name | C3: Category
A4: P01 | B4: AEPS | C4: Banking
A5: P02 | B5: UPI | C5: Payments
A6: P03 | B6: APAY | C6: Banking
A7: P04 | B7: DMT | C7: Remittance
A8: P05 | B8: BBPS | C8: Bill Pay
A9: P06 | B9: MATM | C9: Banking
